timeStamp,elapsed,label,responseCode,responseMessage,threadName,dataType,success,failureMessage,bytes,sentBytes,grpThreads,allThreads,URL,Latency,IdleTime,Connect
1648731444227,347,GetById,204,No Content,Web Service Employee 1-2,,true,,115,152,2,2,https://localhost:44322/api/Employee/GetEmployeeById?Id=,0,0,201
1648731442405,2168,GetById,204,No Content,Web Service Employee 1-1,,true,,115,152,2,2,https://localhost:44322/api/Employee/GetEmployeeById?Id=,0,0,2022
1648731444577,10,GetEmployeeDetails,204,No Content,Web Service Employee 1-1,,true,,115,161,2,2,https://localhost:44322/api/Employee/GetEmployeeDetails?Name=fira,0,0,0
1648731444577,11,GetEmployeeDetails,204,No Content,Web Service Employee 1-2,,true,,115,161,2,2,https://localhost:44322/api/Employee/GetEmployeeDetails?Name=fira,0,0,0
1648731444588,6,GetById,204,No Content,Web Service Employee 1-1,,true,,115,152,2,2,https://localhost:44322/api/Employee/GetEmployeeById?Id=,0,0,0
1648731444589,9,GetById,204,No Content,Web Service Employee 1-2,,true,,115,152,2,2,https://localhost:44322/api/Employee/GetEmployeeById?Id=,0,0,0
1648731444595,8,GetEmployeeDetails,204,No Content,Web Service Employee 1-1,,true,,115,161,2,2,https://localhost:44322/api/Employee/GetEmployeeDetails?Name=fira,0,0,0
1648731444599,15,GetEmployeeDetails,204,No Content,Web Service Employee 1-2,,true,,115,161,2,2,https://localhost:44322/api/Employee/GetEmployeeDetails?Name=fira,0,0,0
1648731444604,11,GetById,204,No Content,Web Service Employee 1-1,,true,,115,152,2,2,https://localhost:44322/api/Employee/GetEmployeeById?Id=,0,0,0
1648731444615,11,GetById,204,No Content,Web Service Employee 1-2,,true,,115,152,2,2,https://localhost:44322/api/Employee/GetEmployeeById?Id=,0,0,0
1648731444615,12,GetEmployeeDetails,204,No Content,Web Service Employee 1-1,,true,,115,161,2,2,https://localhost:44322/api/Employee/GetEmployeeDetails?Name=fira,0,0,0
1648731444627,6,GetEmployeeDetails,204,No Content,Web Service Employee 1-2,,true,,115,161,2,2,https://localhost:44322/api/Employee/GetEmployeeDetails?Name=fira,0,0,0
1648731444627,7,GetById,204,No Content,Web Service Employee 1-1,,true,,115,152,2,2,https://localhost:44322/api/Employee/GetEmployeeById?Id=,0,0,0
1648731444634,6,GetById,204,No Content,Web Service Employee 1-2,,true,,115,152,2,2,https://localhost:44322/api/Employee/GetEmployeeById?Id=,0,0,0
1648731444635,8,GetEmployeeDetails,204,No Content,Web Service Employee 1-1,,true,,115,161,2,2,https://localhost:44322/api/Employee/GetEmployeeDetails?Name=fira,0,0,0
1648731444640,8,GetEmployeeDetails,204,No Content,Web Service Employee 1-2,,true,,115,161,2,2,https://localhost:44322/api/Employee/GetEmployeeDetails?Name=fira,0,0,0
1648731444643,8,GetById,204,No Content,Web Service Employee 1-1,,true,,115,152,2,2,https://localhost:44322/api/Employee/GetEmployeeById?Id=,0,0,0
1648731444648,7,GetById,204,No Content,Web Service Employee 1-2,,true,,115,152,2,2,https://localhost:44322/api/Employee/GetEmployeeById?Id=,0,0,0
1648731444652,7,GetEmployeeDetails,204,No Content,Web Service Employee 1-1,,true,,115,161,2,2,https://localhost:44322/api/Employee/GetEmployeeDetails?Name=fira,0,0,0
1648731444656,7,GetEmployeeDetails,204,No Content,Web Service Employee 1-2,,true,,115,161,2,2,https://localhost:44322/api/Employee/GetEmployeeDetails?Name=fira,0,0,0
1648731444660,8,GetById,204,No Content,Web Service Employee 1-1,,true,,115,152,2,2,https://localhost:44322/api/Employee/GetEmployeeById?Id=,0,0,0
1648731444664,8,GetById,204,No Content,Web Service Employee 1-2,,true,,115,152,2,2,https://localhost:44322/api/Employee/GetEmployeeById?Id=,0,0,0
1648731444668,7,GetEmployeeDetails,204,No Content,Web Service Employee 1-1,,true,,115,161,2,2,https://localhost:44322/api/Employee/GetEmployeeDetails?Name=fira,0,0,0
1648731444672,8,GetEmployeeDetails,204,No Content,Web Service Employee 1-2,,true,,115,161,1,1,https://localhost:44322/api/Employee/GetEmployeeDetails?Name=fira,0,0,0
1648731446236,83,GetById,204,No Content,Web Service Employee 1-3,,true,,115,152,1,1,https://localhost:44322/api/Employee/GetEmployeeById?Id=,0,0,52
1648731446321,8,GetEmployeeDetails,204,No Content,Web Service Employee 1-3,,true,,115,161,1,1,https://localhost:44322/api/Employee/GetEmployeeDetails?Name=fira,0,0,0
1648731446330,7,GetById,204,No Content,Web Service Employee 1-3,,true,,115,152,1,1,https://localhost:44322/api/Employee/GetEmployeeById?Id=,0,0,0
1648731446337,6,GetEmployeeDetails,204,No Content,Web Service Employee 1-3,,true,,115,161,1,1,https://localhost:44322/api/Employee/GetEmployeeDetails?Name=fira,0,0,0
1648731446343,6,GetById,204,No Content,Web Service Employee 1-3,,true,,115,152,1,1,https://localhost:44322/api/Employee/GetEmployeeById?Id=,0,0,0
1648731446349,10,GetEmployeeDetails,204,No Content,Web Service Employee 1-3,,true,,115,161,1,1,https://localhost:44322/api/Employee/GetEmployeeDetails?Name=fira,0,0,0
1648731446359,6,GetById,204,No Content,Web Service Employee 1-3,,true,,115,152,1,1,https://localhost:44322/api/Employee/GetEmployeeById?Id=,0,0,0
1648731446365,5,GetEmployeeDetails,204,No Content,Web Service Employee 1-3,,true,,115,161,1,1,https://localhost:44322/api/Employee/GetEmployeeDetails?Name=fira,0,0,0
1648731446371,5,GetById,204,No Content,Web Service Employee 1-3,,true,,115,152,1,1,https://localhost:44322/api/Employee/GetEmployeeById?Id=,0,0,0
1648731446377,5,GetEmployeeDetails,204,No Content,Web Service Employee 1-3,,true,,115,161,1,1,https://localhost:44322/api/Employee/GetEmployeeDetails?Name=fira,0,0,0
1648731446383,3,GetById,204,No Content,Web Service Employee 1-3,,true,,115,152,1,1,https://localhost:44322/api/Employee/GetEmployeeById?Id=,0,0,0
1648731446387,5,GetEmployeeDetails,204,No Content,Web Service Employee 1-3,,true,,115,161,1,1,https://localhost:44322/api/Employee/GetEmployeeDetails?Name=fira,0,0,0
1648731448253,88,GetById,204,No Content,Web Service Employee 1-4,,true,,115,152,1,1,https://localhost:44322/api/Employee/GetEmployeeById?Id=,0,0,53
1648731448342,8,GetEmployeeDetails,204,No Content,Web Service Employee 1-4,,true,,115,161,1,1,https://localhost:44322/api/Employee/GetEmployeeDetails?Name=fira,0,0,0
1648731448350,7,GetById,204,No Content,Web Service Employee 1-4,,true,,115,152,1,1,https://localhost:44322/api/Employee/GetEmployeeById?Id=,0,0,0
1648731448358,20,GetEmployeeDetails,204,No Content,Web Service Employee 1-4,,true,,115,161,1,1,https://localhost:44322/api/Employee/GetEmployeeDetails?Name=fira,0,0,0
1648731448379,8,GetById,204,No Content,Web Service Employee 1-4,,true,,115,152,1,1,https://localhost:44322/api/Employee/GetEmployeeById?Id=,0,0,0
1648731448387,7,GetEmployeeDetails,204,No Content,Web Service Employee 1-4,,true,,115,161,1,1,https://localhost:44322/api/Employee/GetEmployeeDetails?Name=fira,0,0,0
1648731448394,6,GetById,204,No Content,Web Service Employee 1-4,,true,,115,152,1,1,https://localhost:44322/api/Employee/GetEmployeeById?Id=,0,0,0
1648731448400,5,GetEmployeeDetails,204,No Content,Web Service Employee 1-4,,true,,115,161,1,1,https://localhost:44322/api/Employee/GetEmployeeDetails?Name=fira,0,0,0
1648731448406,11,GetById,204,No Content,Web Service Employee 1-4,,true,,115,152,1,1,https://localhost:44322/api/Employee/GetEmployeeById?Id=,0,0,0
1648731448417,6,GetEmployeeDetails,204,No Content,Web Service Employee 1-4,,true,,115,161,1,1,https://localhost:44322/api/Employee/GetEmployeeDetails?Name=fira,0,0,0
1648731448423,7,GetById,204,No Content,Web Service Employee 1-4,,true,,115,152,1,1,https://localhost:44322/api/Employee/GetEmployeeById?Id=,0,0,0
1648731448431,4,GetEmployeeDetails,204,No Content,Web Service Employee 1-4,,true,,115,161,1,1,https://localhost:44322/api/Employee/GetEmployeeDetails?Name=fira,0,0,0
1648731450242,32,GetById,204,No Content,Web Service Employee 1-5,,true,,115,152,1,1,https://localhost:44322/api/Employee/GetEmployeeById?Id=,0,0,27
1648731450283,5,GetEmployeeDetails,204,No Content,Web Service Employee 1-5,,true,,115,161,1,1,https://localhost:44322/api/Employee/GetEmployeeDetails?Name=fira,0,0,0
1648731450289,9,GetById,204,No Content,Web Service Employee 1-5,,true,,115,152,1,1,https://localhost:44322/api/Employee/GetEmployeeById?Id=,0,0,0
1648731450299,6,GetEmployeeDetails,204,No Content,Web Service Employee 1-5,,true,,115,161,1,1,https://localhost:44322/api/Employee/GetEmployeeDetails?Name=fira,0,0,0
1648731450305,6,GetById,204,No Content,Web Service Employee 1-5,,true,,115,152,1,1,https://localhost:44322/api/Employee/GetEmployeeById?Id=,0,0,0
1648731450312,5,GetEmployeeDetails,204,No Content,Web Service Employee 1-5,,true,,115,161,1,1,https://localhost:44322/api/Employee/GetEmployeeDetails?Name=fira,0,0,0
1648731450317,5,GetById,204,No Content,Web Service Employee 1-5,,true,,115,152,1,1,https://localhost:44322/api/Employee/GetEmployeeById?Id=,0,0,0
1648731450323,6,GetEmployeeDetails,204,No Content,Web Service Employee 1-5,,true,,115,161,1,1,https://localhost:44322/api/Employee/GetEmployeeDetails?Name=fira,0,0,0
1648731450330,4,GetById,204,No Content,Web Service Employee 1-5,,true,,115,152,1,1,https://localhost:44322/api/Employee/GetEmployeeById?Id=,0,0,0
1648731450334,5,GetEmployeeDetails,204,No Content,Web Service Employee 1-5,,true,,115,161,1,1,https://localhost:44322/api/Employee/GetEmployeeDetails?Name=fira,0,0,0
1648731450339,6,GetById,204,No Content,Web Service Employee 1-5,,true,,115,152,1,1,https://localhost:44322/api/Employee/GetEmployeeById?Id=,0,0,0
1648731450345,4,GetEmployeeDetails,204,No Content,Web Service Employee 1-5,,true,,115,161,1,1,https://localhost:44322/api/Employee/GetEmployeeDetails?Name=fira,0,0,0
1648731452239,30,GetById,204,No Content,Web Service Employee 1-6,,true,,115,152,1,1,https://localhost:44322/api/Employee/GetEmployeeById?Id=,0,0,26
1648731452270,8,GetEmployeeDetails,204,No Content,Web Service Employee 1-6,,true,,115,161,1,1,https://localhost:44322/api/Employee/GetEmployeeDetails?Name=fira,0,0,0
1648731452278,5,GetById,204,No Content,Web Service Employee 1-6,,true,,115,152,1,1,https://localhost:44322/api/Employee/GetEmployeeById?Id=,0,0,0
1648731452284,11,GetEmployeeDetails,204,No Content,Web Service Employee 1-6,,true,,115,161,1,1,https://localhost:44322/api/Employee/GetEmployeeDetails?Name=fira,0,0,0
1648731452296,8,GetById,204,No Content,Web Service Employee 1-6,,true,,115,152,1,1,https://localhost:44322/api/Employee/GetEmployeeById?Id=,0,0,0
1648731452304,10,GetEmployeeDetails,204,No Content,Web Service Employee 1-6,,true,,115,161,1,1,https://localhost:44322/api/Employee/GetEmployeeDetails?Name=fira,0,0,0
1648731452315,22,GetById,204,No Content,Web Service Employee 1-6,,true,,115,152,1,1,https://localhost:44322/api/Employee/GetEmployeeById?Id=,0,0,0
1648731452338,6,GetEmployeeDetails,204,No Content,Web Service Employee 1-6,,true,,115,161,1,1,https://localhost:44322/api/Employee/GetEmployeeDetails?Name=fira,0,0,0
1648731452344,5,GetById,204,No Content,Web Service Employee 1-6,,true,,115,152,1,1,https://localhost:44322/api/Employee/GetEmployeeById?Id=,0,0,0
1648731452349,4,GetEmployeeDetails,204,No Content,Web Service Employee 1-6,,true,,115,161,1,1,https://localhost:44322/api/Employee/GetEmployeeDetails?Name=fira,0,0,0
1648731452354,5,GetById,204,No Content,Web Service Employee 1-6,,true,,115,152,1,1,https://localhost:44322/api/Employee/GetEmployeeById?Id=,0,0,0
1648731452359,6,GetEmployeeDetails,204,No Content,Web Service Employee 1-6,,true,,115,161,1,1,https://localhost:44322/api/Employee/GetEmployeeDetails?Name=fira,0,0,0
1648731454246,54,GetById,204,No Content,Web Service Employee 1-7,,true,,115,152,1,1,https://localhost:44322/api/Employee/GetEmployeeById?Id=,0,0,41
1648731454301,6,GetEmployeeDetails,204,No Content,Web Service Employee 1-7,,true,,115,161,1,1,https://localhost:44322/api/Employee/GetEmployeeDetails?Name=fira,0,0,0
1648731454308,9,GetById,204,No Content,Web Service Employee 1-7,,true,,115,152,1,1,https://localhost:44322/api/Employee/GetEmployeeById?Id=,0,0,0
1648731454317,6,GetEmployeeDetails,204,No Content,Web Service Employee 1-7,,true,,115,161,1,1,https://localhost:44322/api/Employee/GetEmployeeDetails?Name=fira,0,0,0
1648731454323,13,GetById,204,No Content,Web Service Employee 1-7,,true,,115,152,1,1,https://localhost:44322/api/Employee/GetEmployeeById?Id=,0,0,0
1648731454336,9,GetEmployeeDetails,204,No Content,Web Service Employee 1-7,,true,,115,161,1,1,https://localhost:44322/api/Employee/GetEmployeeDetails?Name=fira,0,0,0
1648731454345,6,GetById,204,No Content,Web Service Employee 1-7,,true,,115,152,1,1,https://localhost:44322/api/Employee/GetEmployeeById?Id=,0,0,0
1648731454352,4,GetEmployeeDetails,204,No Content,Web Service Employee 1-7,,true,,115,161,1,1,https://localhost:44322/api/Employee/GetEmployeeDetails?Name=fira,0,0,0
1648731454357,7,GetById,204,No Content,Web Service Employee 1-7,,true,,115,152,1,1,https://localhost:44322/api/Employee/GetEmployeeById?Id=,0,0,0
1648731454364,9,GetEmployeeDetails,204,No Content,Web Service Employee 1-7,,true,,115,161,1,1,https://localhost:44322/api/Employee/GetEmployeeDetails?Name=fira,0,0,0
1648731454373,7,GetById,204,No Content,Web Service Employee 1-7,,true,,115,152,1,1,https://localhost:44322/api/Employee/GetEmployeeById?Id=,0,0,0
1648731454381,6,GetEmployeeDetails,204,No Content,Web Service Employee 1-7,,true,,115,161,1,1,https://localhost:44322/api/Employee/GetEmployeeDetails?Name=fira,0,0,0
1648731456238,73,GetById,204,No Content,Web Service Employee 1-8,,true,,115,152,1,1,https://localhost:44322/api/Employee/GetEmployeeById?Id=,0,0,64
1648731456311,5,GetEmployeeDetails,204,No Content,Web Service Employee 1-8,,true,,115,161,1,1,https://localhost:44322/api/Employee/GetEmployeeDetails?Name=fira,0,0,0
1648731456316,4,GetById,204,No Content,Web Service Employee 1-8,,true,,115,152,1,1,https://localhost:44322/api/Employee/GetEmployeeById?Id=,0,0,0
1648731456321,5,GetEmployeeDetails,204,No Content,Web Service Employee 1-8,,true,,115,161,1,1,https://localhost:44322/api/Employee/GetEmployeeDetails?Name=fira,0,0,0
1648731456327,15,GetById,204,No Content,Web Service Employee 1-8,,true,,115,152,1,1,https://localhost:44322/api/Employee/GetEmployeeById?Id=,0,0,0
1648731456342,50,GetEmployeeDetails,204,No Content,Web Service Employee 1-8,,true,,115,161,1,1,https://localhost:44322/api/Employee/GetEmployeeDetails?Name=fira,0,0,0
1648731456392,10,GetById,204,No Content,Web Service Employee 1-8,,true,,115,152,1,1,https://localhost:44322/api/Employee/GetEmployeeById?Id=,0,0,0
1648731456403,5,GetEmployeeDetails,204,No Content,Web Service Employee 1-8,,true,,115,161,1,1,https://localhost:44322/api/Employee/GetEmployeeDetails?Name=fira,0,0,0
1648731456409,5,GetById,204,No Content,Web Service Employee 1-8,,true,,115,152,1,1,https://localhost:44322/api/Employee/GetEmployeeById?Id=,0,0,0
1648731456415,5,GetEmployeeDetails,204,No Content,Web Service Employee 1-8,,true,,115,161,1,1,https://localhost:44322/api/Employee/GetEmployeeDetails?Name=fira,0,0,0
1648731456420,5,GetById,204,No Content,Web Service Employee 1-8,,true,,115,152,1,1,https://localhost:44322/api/Employee/GetEmployeeById?Id=,0,0,0
1648731456426,4,GetEmployeeDetails,204,No Content,Web Service Employee 1-8,,true,,115,161,1,1,https://localhost:44322/api/Employee/GetEmployeeDetails?Name=fira,0,0,0
1648731458240,37,GetById,204,No Content,Web Service Employee 1-9,,true,,115,152,1,1,https://localhost:44322/api/Employee/GetEmployeeById?Id=,0,0,30
1648731458277,6,GetEmployeeDetails,204,No Content,Web Service Employee 1-9,,true,,115,161,1,1,https://localhost:44322/api/Employee/GetEmployeeDetails?Name=fira,0,0,0
1648731458283,7,GetById,204,No Content,Web Service Employee 1-9,,true,,115,152,1,1,https://localhost:44322/api/Employee/GetEmployeeById?Id=,0,0,0
1648731458290,4,GetEmployeeDetails,204,No Content,Web Service Employee 1-9,,true,,115,161,1,1,https://localhost:44322/api/Employee/GetEmployeeDetails?Name=fira,0,0,0
1648731458294,4,GetById,204,No Content,Web Service Employee 1-9,,true,,115,152,1,1,https://localhost:44322/api/Employee/GetEmployeeById?Id=,0,0,0
1648731458299,4,GetEmployeeDetails,204,No Content,Web Service Employee 1-9,,true,,115,161,1,1,https://localhost:44322/api/Employee/GetEmployeeDetails?Name=fira,0,0,0
1648731458303,5,GetById,204,No Content,Web Service Employee 1-9,,true,,115,152,1,1,https://localhost:44322/api/Employee/GetEmployeeById?Id=,0,0,0
1648731458308,4,GetEmployeeDetails,204,No Content,Web Service Employee 1-9,,true,,115,161,1,1,https://localhost:44322/api/Employee/GetEmployeeDetails?Name=fira,0,0,0
1648731458313,4,GetById,204,No Content,Web Service Employee 1-9,,true,,115,152,1,1,https://localhost:44322/api/Employee/GetEmployeeById?Id=,0,0,0
1648731458317,4,GetEmployeeDetails,204,No Content,Web Service Employee 1-9,,true,,115,161,1,1,https://localhost:44322/api/Employee/GetEmployeeDetails?Name=fira,0,0,0
1648731458322,4,GetById,204,No Content,Web Service Employee 1-9,,true,,115,152,1,1,https://localhost:44322/api/Employee/GetEmployeeById?Id=,0,0,0
1648731458326,5,GetEmployeeDetails,204,No Content,Web Service Employee 1-9,,true,,115,161,1,1,https://localhost:44322/api/Employee/GetEmployeeDetails?Name=fira,0,0,0
1648731460244,41,GetById,204,No Content,Web Service Employee 1-10,,true,,115,152,1,1,https://localhost:44322/api/Employee/GetEmployeeById?Id=,0,0,36
1648731460286,5,GetEmployeeDetails,204,No Content,Web Service Employee 1-10,,true,,115,161,1,1,https://localhost:44322/api/Employee/GetEmployeeDetails?Name=fira,0,0,0
1648731460291,7,GetById,204,No Content,Web Service Employee 1-10,,true,,115,152,1,1,https://localhost:44322/api/Employee/GetEmployeeById?Id=,0,0,0
1648731460298,5,GetEmployeeDetails,204,No Content,Web Service Employee 1-10,,true,,115,161,1,1,https://localhost:44322/api/Employee/GetEmployeeDetails?Name=fira,0,0,0
1648731460304,4,GetById,204,No Content,Web Service Employee 1-10,,true,,115,152,1,1,https://localhost:44322/api/Employee/GetEmployeeById?Id=,0,0,0
1648731460308,5,GetEmployeeDetails,204,No Content,Web Service Employee 1-10,,true,,115,161,1,1,https://localhost:44322/api/Employee/GetEmployeeDetails?Name=fira,0,0,0
1648731460313,5,GetById,204,No Content,Web Service Employee 1-10,,true,,115,152,1,1,https://localhost:44322/api/Employee/GetEmployeeById?Id=,0,0,0
1648731460318,5,GetEmployeeDetails,204,No Content,Web Service Employee 1-10,,true,,115,161,1,1,https://localhost:44322/api/Employee/GetEmployeeDetails?Name=fira,0,0,0
1648731460323,5,GetById,204,No Content,Web Service Employee 1-10,,true,,115,152,1,1,https://localhost:44322/api/Employee/GetEmployeeById?Id=,0,0,0
1648731460328,4,GetEmployeeDetails,204,No Content,Web Service Employee 1-10,,true,,115,161,1,1,https://localhost:44322/api/Employee/GetEmployeeDetails?Name=fira,0,0,0
1648731460333,4,GetById,204,No Content,Web Service Employee 1-10,,true,,115,152,1,1,https://localhost:44322/api/Employee/GetEmployeeById?Id=,0,0,0
1648731460338,4,GetEmployeeDetails,204,No Content,Web Service Employee 1-10,,true,,115,161,1,1,https://localhost:44322/api/Employee/GetEmployeeDetails?Name=fira,0,0,0
1648731462237,32,GetById,204,No Content,Web Service Employee 1-11,,true,,115,152,1,1,https://localhost:44322/api/Employee/GetEmployeeById?Id=,0,0,28
1648731462270,5,GetEmployeeDetails,204,No Content,Web Service Employee 1-11,,true,,115,161,1,1,https://localhost:44322/api/Employee/GetEmployeeDetails?Name=fira,0,0,0
1648731462275,5,GetById,204,No Content,Web Service Employee 1-11,,true,,115,152,1,1,https://localhost:44322/api/Employee/GetEmployeeById?Id=,0,0,0
1648731462280,5,GetEmployeeDetails,204,No Content,Web Service Employee 1-11,,true,,115,161,1,1,https://localhost:44322/api/Employee/GetEmployeeDetails?Name=fira,0,0,0
1648731462285,5,GetById,204,No Content,Web Service Employee 1-11,,true,,115,152,1,1,https://localhost:44322/api/Employee/GetEmployeeById?Id=,0,0,0
1648731462290,4,GetEmployeeDetails,204,No Content,Web Service Employee 1-11,,true,,115,161,1,1,https://localhost:44322/api/Employee/GetEmployeeDetails?Name=fira,0,0,0
1648731462295,4,GetById,204,No Content,Web Service Employee 1-11,,true,,115,152,1,1,https://localhost:44322/api/Employee/GetEmployeeById?Id=,0,0,0
1648731462300,6,GetEmployeeDetails,204,No Content,Web Service Employee 1-11,,true,,115,161,1,1,https://localhost:44322/api/Employee/GetEmployeeDetails?Name=fira,0,0,0
1648731462307,5,GetById,204,No Content,Web Service Employee 1-11,,true,,115,152,1,1,https://localhost:44322/api/Employee/GetEmployeeById?Id=,0,0,0
1648731462312,5,GetEmployeeDetails,204,No Content,Web Service Employee 1-11,,true,,115,161,1,1,https://localhost:44322/api/Employee/GetEmployeeDetails?Name=fira,0,0,0
1648731462317,4,GetById,204,No Content,Web Service Employee 1-11,,true,,115,152,1,1,https://localhost:44322/api/Employee/GetEmployeeById?Id=,0,0,0
1648731462322,4,GetEmployeeDetails,204,No Content,Web Service Employee 1-11,,true,,115,161,1,1,https://localhost:44322/api/Employee/GetEmployeeDetails?Name=fira,0,0,0
1648731464237,24,GetById,204,No Content,Web Service Employee 1-12,,true,,115,152,1,1,https://localhost:44322/api/Employee/GetEmployeeById?Id=,0,0,19
1648731464262,4,GetEmployeeDetails,204,No Content,Web Service Employee 1-12,,true,,115,161,1,1,https://localhost:44322/api/Employee/GetEmployeeDetails?Name=fira,0,0,0
1648731464266,5,GetById,204,No Content,Web Service Employee 1-12,,true,,115,152,1,1,https://localhost:44322/api/Employee/GetEmployeeById?Id=,0,0,0
1648731464271,5,GetEmployeeDetails,204,No Content,Web Service Employee 1-12,,true,,115,161,1,1,https://localhost:44322/api/Employee/GetEmployeeDetails?Name=fira,0,0,0
1648731464276,5,GetById,204,No Content,Web Service Employee 1-12,,true,,115,152,1,1,https://localhost:44322/api/Employee/GetEmployeeById?Id=,0,0,0
1648731464281,5,GetEmployeeDetails,204,No Content,Web Service Employee 1-12,,true,,115,161,1,1,https://localhost:44322/api/Employee/GetEmployeeDetails?Name=fira,0,0,0
1648731464286,5,GetById,204,No Content,Web Service Employee 1-12,,true,,115,152,1,1,https://localhost:44322/api/Employee/GetEmployeeById?Id=,0,0,0
1648731464291,5,GetEmployeeDetails,204,No Content,Web Service Employee 1-12,,true,,115,161,1,1,https://localhost:44322/api/Employee/GetEmployeeDetails?Name=fira,0,0,0
1648731464296,5,GetById,204,No Content,Web Service Employee 1-12,,true,,115,152,1,1,https://localhost:44322/api/Employee/GetEmployeeById?Id=,0,0,0
1648731464301,5,GetEmployeeDetails,204,No Content,Web Service Employee 1-12,,true,,115,161,1,1,https://localhost:44322/api/Employee/GetEmployeeDetails?Name=fira,0,0,0
1648731464307,5,GetById,204,No Content,Web Service Employee 1-12,,true,,115,152,1,1,https://localhost:44322/api/Employee/GetEmployeeById?Id=,0,0,0
1648731464312,5,GetEmployeeDetails,204,No Content,Web Service Employee 1-12,,true,,115,161,1,1,https://localhost:44322/api/Employee/GetEmployeeDetails?Name=fira,0,0,0
1648731466236,28,GetById,204,No Content,Web Service Employee 1-13,,true,,115,152,1,1,https://localhost:44322/api/Employee/GetEmployeeById?Id=,0,0,23
1648731466264,5,GetEmployeeDetails,204,No Content,Web Service Employee 1-13,,true,,115,161,1,1,https://localhost:44322/api/Employee/GetEmployeeDetails?Name=fira,0,0,0
1648731466269,5,GetById,204,No Content,Web Service Employee 1-13,,true,,115,152,1,1,https://localhost:44322/api/Employee/GetEmployeeById?Id=,0,0,0
1648731466274,5,GetEmployeeDetails,204,No Content,Web Service Employee 1-13,,true,,115,161,1,1,https://localhost:44322/api/Employee/GetEmployeeDetails?Name=fira,0,0,0
1648731466279,4,GetById,204,No Content,Web Service Employee 1-13,,true,,115,152,1,1,https://localhost:44322/api/Employee/GetEmployeeById?Id=,0,0,0
1648731466284,5,GetEmployeeDetails,204,No Content,Web Service Employee 1-13,,true,,115,161,1,1,https://localhost:44322/api/Employee/GetEmployeeDetails?Name=fira,0,0,0
1648731466289,5,GetById,204,No Content,Web Service Employee 1-13,,true,,115,152,1,1,https://localhost:44322/api/Employee/GetEmployeeById?Id=,0,0,0
1648731466294,5,GetEmployeeDetails,204,No Content,Web Service Employee 1-13,,true,,115,161,1,1,https://localhost:44322/api/Employee/GetEmployeeDetails?Name=fira,0,0,0
1648731466299,5,GetById,204,No Content,Web Service Employee 1-13,,true,,115,152,1,1,https://localhost:44322/api/Employee/GetEmployeeById?Id=,0,0,0
1648731466304,5,GetEmployeeDetails,204,No Content,Web Service Employee 1-13,,true,,115,161,1,1,https://localhost:44322/api/Employee/GetEmployeeDetails?Name=fira,0,0,0
1648731466310,5,GetById,204,No Content,Web Service Employee 1-13,,true,,115,152,1,1,https://localhost:44322/api/Employee/GetEmployeeById?Id=,0,0,0
1648731466315,9,GetEmployeeDetails,204,No Content,Web Service Employee 1-13,,true,,115,161,1,1,https://localhost:44322/api/Employee/GetEmployeeDetails?Name=fira,0,0,0
1648731468236,60,GetById,204,No Content,Web Service Employee 1-14,,true,,115,152,1,1,https://localhost:44322/api/Employee/GetEmployeeById?Id=,0,0,55
1648731468296,5,GetEmployeeDetails,204,No Content,Web Service Employee 1-14,,true,,115,161,1,1,https://localhost:44322/api/Employee/GetEmployeeDetails?Name=fira,0,0,0
1648731468301,5,GetById,204,No Content,Web Service Employee 1-14,,true,,115,152,1,1,https://localhost:44322/api/Employee/GetEmployeeById?Id=,0,0,0
1648731468306,5,GetEmployeeDetails,204,No Content,Web Service Employee 1-14,,true,,115,161,1,1,https://localhost:44322/api/Employee/GetEmployeeDetails?Name=fira,0,0,0
1648731468311,4,GetById,204,No Content,Web Service Employee 1-14,,true,,115,152,1,1,https://localhost:44322/api/Employee/GetEmployeeById?Id=,0,0,0
1648731468316,5,GetEmployeeDetails,204,No Content,Web Service Employee 1-14,,true,,115,161,1,1,https://localhost:44322/api/Employee/GetEmployeeDetails?Name=fira,0,0,0
1648731468322,6,GetById,204,No Content,Web Service Employee 1-14,,true,,115,152,1,1,https://localhost:44322/api/Employee/GetEmployeeById?Id=,0,0,0
1648731468328,6,GetEmployeeDetails,204,No Content,Web Service Employee 1-14,,true,,115,161,1,1,https://localhost:44322/api/Employee/GetEmployeeDetails?Name=fira,0,0,0
1648731468334,4,GetById,204,No Content,Web Service Employee 1-14,,true,,115,152,1,1,https://localhost:44322/api/Employee/GetEmployeeById?Id=,0,0,0
1648731468339,4,GetEmployeeDetails,204,No Content,Web Service Employee 1-14,,true,,115,161,1,1,https://localhost:44322/api/Employee/GetEmployeeDetails?Name=fira,0,0,0
1648731468344,4,GetById,204,No Content,Web Service Employee 1-14,,true,,115,152,1,1,https://localhost:44322/api/Employee/GetEmployeeById?Id=,0,0,0
1648731468348,4,GetEmployeeDetails,204,No Content,Web Service Employee 1-14,,true,,115,161,1,1,https://localhost:44322/api/Employee/GetEmployeeDetails?Name=fira,0,0,0
1648731470242,89,GetById,204,No Content,Web Service Employee 1-15,,true,,115,152,1,1,https://localhost:44322/api/Employee/GetEmployeeById?Id=,0,0,70
1648731470332,7,GetEmployeeDetails,204,No Content,Web Service Employee 1-15,,true,,115,161,1,1,https://localhost:44322/api/Employee/GetEmployeeDetails?Name=fira,0,0,0
1648731470339,8,GetById,204,No Content,Web Service Employee 1-15,,true,,115,152,1,1,https://localhost:44322/api/Employee/GetEmployeeById?Id=,0,0,0
1648731470348,4,GetEmployeeDetails,204,No Content,Web Service Employee 1-15,,true,,115,161,1,1,https://localhost:44322/api/Employee/GetEmployeeDetails?Name=fira,0,0,0
1648731470353,5,GetById,204,No Content,Web Service Employee 1-15,,true,,115,152,1,1,https://localhost:44322/api/Employee/GetEmployeeById?Id=,0,0,0
1648731470359,4,GetEmployeeDetails,204,No Content,Web Service Employee 1-15,,true,,115,161,1,1,https://localhost:44322/api/Employee/GetEmployeeDetails?Name=fira,0,0,0
1648731470363,22,GetById,204,No Content,Web Service Employee 1-15,,true,,115,152,1,1,https://localhost:44322/api/Employee/GetEmployeeById?Id=,0,0,0
1648731470386,9,GetEmployeeDetails,204,No Content,Web Service Employee 1-15,,true,,115,161,1,1,https://localhost:44322/api/Employee/GetEmployeeDetails?Name=fira,0,0,0
1648731470395,5,GetById,204,No Content,Web Service Employee 1-15,,true,,115,152,1,1,https://localhost:44322/api/Employee/GetEmployeeById?Id=,0,0,0
1648731470401,4,GetEmployeeDetails,204,No Content,Web Service Employee 1-15,,true,,115,161,1,1,https://localhost:44322/api/Employee/GetEmployeeDetails?Name=fira,0,0,0
1648731470405,9,GetById,204,No Content,Web Service Employee 1-15,,true,,115,152,1,1,https://localhost:44322/api/Employee/GetEmployeeById?Id=,0,0,0
1648731470414,4,GetEmployeeDetails,204,No Content,Web Service Employee 1-15,,true,,115,161,1,1,https://localhost:44322/api/Employee/GetEmployeeDetails?Name=fira,0,0,0
1648731472232,55,GetById,204,No Content,Web Service Employee 1-16,,true,,115,152,1,1,https://localhost:44322/api/Employee/GetEmployeeById?Id=,0,0,50
1648731472287,5,GetEmployeeDetails,204,No Content,Web Service Employee 1-16,,true,,115,161,1,1,https://localhost:44322/api/Employee/GetEmployeeDetails?Name=fira,0,0,0
1648731472292,5,GetById,204,No Content,Web Service Employee 1-16,,true,,115,152,1,1,https://localhost:44322/api/Employee/GetEmployeeById?Id=,0,0,0
1648731472297,6,GetEmployeeDetails,204,No Content,Web Service Employee 1-16,,true,,115,161,1,1,https://localhost:44322/api/Employee/GetEmployeeDetails?Name=fira,0,0,0
1648731472303,5,GetById,204,No Content,Web Service Employee 1-16,,true,,115,152,1,1,https://localhost:44322/api/Employee/GetEmployeeById?Id=,0,0,0
1648731472308,5,GetEmployeeDetails,204,No Content,Web Service Employee 1-16,,true,,115,161,1,1,https://localhost:44322/api/Employee/GetEmployeeDetails?Name=fira,0,0,0
1648731472313,5,GetById,204,No Content,Web Service Employee 1-16,,true,,115,152,1,1,https://localhost:44322/api/Employee/GetEmployeeById?Id=,0,0,0
1648731472318,5,GetEmployeeDetails,204,No Content,Web Service Employee 1-16,,true,,115,161,1,1,https://localhost:44322/api/Employee/GetEmployeeDetails?Name=fira,0,0,0
1648731472323,5,GetById,204,No Content,Web Service Employee 1-16,,true,,115,152,1,1,https://localhost:44322/api/Employee/GetEmployeeById?Id=,0,0,0
1648731472328,4,GetEmployeeDetails,204,No Content,Web Service Employee 1-16,,true,,115,161,1,1,https://localhost:44322/api/Employee/GetEmployeeDetails?Name=fira,0,0,0
1648731472333,4,GetById,204,No Content,Web Service Employee 1-16,,true,,115,152,1,1,https://localhost:44322/api/Employee/GetEmployeeById?Id=,0,0,0
1648731472338,5,GetEmployeeDetails,204,No Content,Web Service Employee 1-16,,true,,115,161,1,1,https://localhost:44322/api/Employee/GetEmployeeDetails?Name=fira,0,0,0
1648731474230,29,GetById,204,No Content,Web Service Employee 1-17,,true,,115,152,1,1,https://localhost:44322/api/Employee/GetEmployeeById?Id=,0,0,24
1648731474260,5,GetEmployeeDetails,204,No Content,Web Service Employee 1-17,,true,,115,161,1,1,https://localhost:44322/api/Employee/GetEmployeeDetails?Name=fira,0,0,0
1648731474266,6,GetById,204,No Content,Web Service Employee 1-17,,true,,115,152,1,1,https://localhost:44322/api/Employee/GetEmployeeById?Id=,0,0,0
1648731474272,5,GetEmployeeDetails,204,No Content,Web Service Employee 1-17,,true,,115,161,1,1,https://localhost:44322/api/Employee/GetEmployeeDetails?Name=fira,0,0,0
1648731474277,5,GetById,204,No Content,Web Service Employee 1-17,,true,,115,152,1,1,https://localhost:44322/api/Employee/GetEmployeeById?Id=,0,0,0
1648731474282,5,GetEmployeeDetails,204,No Content,Web Service Employee 1-17,,true,,115,161,1,1,https://localhost:44322/api/Employee/GetEmployeeDetails?Name=fira,0,0,0
1648731474287,5,GetById,204,No Content,Web Service Employee 1-17,,true,,115,152,1,1,https://localhost:44322/api/Employee/GetEmployeeById?Id=,0,0,0
1648731474293,6,GetEmployeeDetails,204,No Content,Web Service Employee 1-17,,true,,115,161,1,1,https://localhost:44322/api/Employee/GetEmployeeDetails?Name=fira,0,0,0
1648731474300,8,GetById,204,No Content,Web Service Employee 1-17,,true,,115,152,1,1,https://localhost:44322/api/Employee/GetEmployeeById?Id=,0,0,0
1648731474309,5,GetEmployeeDetails,204,No Content,Web Service Employee 1-17,,true,,115,161,1,1,https://localhost:44322/api/Employee/GetEmployeeDetails?Name=fira,0,0,0
1648731474314,7,GetById,204,No Content,Web Service Employee 1-17,,true,,115,152,1,1,https://localhost:44322/api/Employee/GetEmployeeById?Id=,0,0,0
1648731474321,5,GetEmployeeDetails,204,No Content,Web Service Employee 1-17,,true,,115,161,1,1,https://localhost:44322/api/Employee/GetEmployeeDetails?Name=fira,0,0,0
1648731476234,55,GetById,204,No Content,Web Service Employee 1-18,,true,,115,152,1,1,https://localhost:44322/api/Employee/GetEmployeeById?Id=,0,0,50
1648731476290,5,GetEmployeeDetails,204,No Content,Web Service Employee 1-18,,true,,115,161,1,1,https://localhost:44322/api/Employee/GetEmployeeDetails?Name=fira,0,0,0
1648731476295,5,GetById,204,No Content,Web Service Employee 1-18,,true,,115,152,1,1,https://localhost:44322/api/Employee/GetEmployeeById?Id=,0,0,0
1648731476301,5,GetEmployeeDetails,204,No Content,Web Service Employee 1-18,,true,,115,161,1,1,https://localhost:44322/api/Employee/GetEmployeeDetails?Name=fira,0,0,0
1648731476306,5,GetById,204,No Content,Web Service Employee 1-18,,true,,115,152,1,1,https://localhost:44322/api/Employee/GetEmployeeById?Id=,0,0,0
1648731476311,4,GetEmployeeDetails,204,No Content,Web Service Employee 1-18,,true,,115,161,1,1,https://localhost:44322/api/Employee/GetEmployeeDetails?Name=fira,0,0,0
1648731476315,4,GetById,204,No Content,Web Service Employee 1-18,,true,,115,152,1,1,https://localhost:44322/api/Employee/GetEmployeeById?Id=,0,0,0
1648731476320,4,GetEmployeeDetails,204,No Content,Web Service Employee 1-18,,true,,115,161,1,1,https://localhost:44322/api/Employee/GetEmployeeDetails?Name=fira,0,0,0
1648731476324,5,GetById,204,No Content,Web Service Employee 1-18,,true,,115,152,1,1,https://localhost:44322/api/Employee/GetEmployeeById?Id=,0,0,0
1648731476329,6,GetEmployeeDetails,204,No Content,Web Service Employee 1-18,,true,,115,161,1,1,https://localhost:44322/api/Employee/GetEmployeeDetails?Name=fira,0,0,0
1648731476335,4,GetById,204,No Content,Web Service Employee 1-18,,true,,115,152,1,1,https://localhost:44322/api/Employee/GetEmployeeById?Id=,0,0,0
1648731476340,4,GetEmployeeDetails,204,No Content,Web Service Employee 1-18,,true,,115,161,1,1,https://localhost:44322/api/Employee/GetEmployeeDetails?Name=fira,0,0,0
1648731478229,23,GetById,204,No Content,Web Service Employee 1-19,,true,,115,152,1,1,https://localhost:44322/api/Employee/GetEmployeeById?Id=,0,0,18
1648731478252,4,GetEmployeeDetails,204,No Content,Web Service Employee 1-19,,true,,115,161,1,1,https://localhost:44322/api/Employee/GetEmployeeDetails?Name=fira,0,0,0
1648731478256,5,GetById,204,No Content,Web Service Employee 1-19,,true,,115,152,1,1,https://localhost:44322/api/Employee/GetEmployeeById?Id=,0,0,0
1648731478261,5,GetEmployeeDetails,204,No Content,Web Service Employee 1-19,,true,,115,161,1,1,https://localhost:44322/api/Employee/GetEmployeeDetails?Name=fira,0,0,0
1648731478266,4,GetById,204,No Content,Web Service Employee 1-19,,true,,115,152,1,1,https://localhost:44322/api/Employee/GetEmployeeById?Id=,0,0,0
1648731478271,4,GetEmployeeDetails,204,No Content,Web Service Employee 1-19,,true,,115,161,1,1,https://localhost:44322/api/Employee/GetEmployeeDetails?Name=fira,0,0,0
1648731478275,5,GetById,204,No Content,Web Service Employee 1-19,,true,,115,152,1,1,https://localhost:44322/api/Employee/GetEmployeeById?Id=,0,0,0
1648731478280,4,GetEmployeeDetails,204,No Content,Web Service Employee 1-19,,true,,115,161,1,1,https://localhost:44322/api/Employee/GetEmployeeDetails?Name=fira,0,0,0
1648731478285,4,GetById,204,No Content,Web Service Employee 1-19,,true,,115,152,1,1,https://localhost:44322/api/Employee/GetEmployeeById?Id=,0,0,0
1648731478290,4,GetEmployeeDetails,204,No Content,Web Service Employee 1-19,,true,,115,161,1,1,https://localhost:44322/api/Employee/GetEmployeeDetails?Name=fira,0,0,0
1648731478295,4,GetById,204,No Content,Web Service Employee 1-19,,true,,115,152,1,1,https://localhost:44322/api/Employee/GetEmployeeById?Id=,0,0,0
1648731478299,6,GetEmployeeDetails,204,No Content,Web Service Employee 1-19,,true,,115,161,1,1,https://localhost:44322/api/Employee/GetEmployeeDetails?Name=fira,0,0,0
1648731480229,61,GetById,204,No Content,Web Service Employee 1-20,,true,,115,152,1,1,https://localhost:44322/api/Employee/GetEmployeeById?Id=,0,0,56
1648731480303,7,GetEmployeeDetails,204,No Content,Web Service Employee 1-20,,true,,115,161,1,1,https://localhost:44322/api/Employee/GetEmployeeDetails?Name=fira,0,0,0
1648731480311,5,GetById,204,No Content,Web Service Employee 1-20,,true,,115,152,1,1,https://localhost:44322/api/Employee/GetEmployeeById?Id=,0,0,0
1648731480316,5,GetEmployeeDetails,204,No Content,Web Service Employee 1-20,,true,,115,161,1,1,https://localhost:44322/api/Employee/GetEmployeeDetails?Name=fira,0,0,0
1648731480322,5,GetById,204,No Content,Web Service Employee 1-20,,true,,115,152,1,1,https://localhost:44322/api/Employee/GetEmployeeById?Id=,0,0,0
1648731480327,5,GetEmployeeDetails,204,No Content,Web Service Employee 1-20,,true,,115,161,1,1,https://localhost:44322/api/Employee/GetEmployeeDetails?Name=fira,0,0,0
1648731480333,8,GetById,204,No Content,Web Service Employee 1-20,,true,,115,152,1,1,https://localhost:44322/api/Employee/GetEmployeeById?Id=,0,0,0
1648731480341,12,GetEmployeeDetails,204,No Content,Web Service Employee 1-20,,true,,115,161,1,1,https://localhost:44322/api/Employee/GetEmployeeDetails?Name=fira,0,0,0
1648731480354,8,GetById,204,No Content,Web Service Employee 1-20,,true,,115,152,1,1,https://localhost:44322/api/Employee/GetEmployeeById?Id=,0,0,0
1648731480362,7,GetEmployeeDetails,204,No Content,Web Service Employee 1-20,,true,,115,161,1,1,https://localhost:44322/api/Employee/GetEmployeeDetails?Name=fira,0,0,0
1648731480369,8,GetById,204,No Content,Web Service Employee 1-20,,true,,115,152,1,1,https://localhost:44322/api/Employee/GetEmployeeById?Id=,0,0,0
1648731480378,5,GetEmployeeDetails,204,No Content,Web Service Employee 1-20,,true,,115,161,1,1,https://localhost:44322/api/Employee/GetEmployeeDetails?Name=fira,0,0,0
1648731482233,55,GetById,204,No Content,Web Service Employee 1-21,,true,,115,152,1,1,https://localhost:44322/api/Employee/GetEmployeeById?Id=,0,0,50
1648731482289,4,GetEmployeeDetails,204,No Content,Web Service Employee 1-21,,true,,115,161,1,1,https://localhost:44322/api/Employee/GetEmployeeDetails?Name=fira,0,0,0
1648731482293,4,GetById,204,No Content,Web Service Employee 1-21,,true,,115,152,1,1,https://localhost:44322/api/Employee/GetEmployeeById?Id=,0,0,0
1648731482297,3,GetEmployeeDetails,204,No Content,Web Service Employee 1-21,,true,,115,161,1,1,https://localhost:44322/api/Employee/GetEmployeeDetails?Name=fira,0,0,0
1648731482301,4,GetById,204,No Content,Web Service Employee 1-21,,true,,115,152,1,1,https://localhost:44322/api/Employee/GetEmployeeById?Id=,0,0,0
1648731482305,4,GetEmployeeDetails,204,No Content,Web Service Employee 1-21,,true,,115,161,1,1,https://localhost:44322/api/Employee/GetEmployeeDetails?Name=fira,0,0,0
1648731482309,4,GetById,204,No Content,Web Service Employee 1-21,,true,,115,152,1,1,https://localhost:44322/api/Employee/GetEmployeeById?Id=,0,0,0
1648731482313,4,GetEmployeeDetails,204,No Content,Web Service Employee 1-21,,true,,115,161,1,1,https://localhost:44322/api/Employee/GetEmployeeDetails?Name=fira,0,0,0
1648731482317,4,GetById,204,No Content,Web Service Employee 1-21,,true,,115,152,1,1,https://localhost:44322/api/Employee/GetEmployeeById?Id=,0,0,0
1648731482321,4,GetEmployeeDetails,204,No Content,Web Service Employee 1-21,,true,,115,161,1,1,https://localhost:44322/api/Employee/GetEmployeeDetails?Name=fira,0,0,0
1648731482325,4,GetById,204,No Content,Web Service Employee 1-21,,true,,115,152,1,1,https://localhost:44322/api/Employee/GetEmployeeById?Id=,0,0,0
1648731482330,4,GetEmployeeDetails,204,No Content,Web Service Employee 1-21,,true,,115,161,1,1,https://localhost:44322/api/Employee/GetEmployeeDetails?Name=fira,0,0,0
1648731484231,34,GetById,204,No Content,Web Service Employee 1-22,,true,,115,152,1,1,https://localhost:44322/api/Employee/GetEmployeeById?Id=,0,0,30
1648731484265,4,GetEmployeeDetails,204,No Content,Web Service Employee 1-22,,true,,115,161,1,1,https://localhost:44322/api/Employee/GetEmployeeDetails?Name=fira,0,0,0
1648731484270,4,GetById,204,No Content,Web Service Employee 1-22,,true,,115,152,1,1,https://localhost:44322/api/Employee/GetEmployeeById?Id=,0,0,0
1648731484274,5,GetEmployeeDetails,204,No Content,Web Service Employee 1-22,,true,,115,161,1,1,https://localhost:44322/api/Employee/GetEmployeeDetails?Name=fira,0,0,0
1648731484280,4,GetById,204,No Content,Web Service Employee 1-22,,true,,115,152,1,1,https://localhost:44322/api/Employee/GetEmployeeById?Id=,0,0,0
1648731484285,4,GetEmployeeDetails,204,No Content,Web Service Employee 1-22,,true,,115,161,1,1,https://localhost:44322/api/Employee/GetEmployeeDetails?Name=fira,0,0,0
1648731484289,4,GetById,204,No Content,Web Service Employee 1-22,,true,,115,152,1,1,https://localhost:44322/api/Employee/GetEmployeeById?Id=,0,0,0
1648731484293,4,GetEmployeeDetails,204,No Content,Web Service Employee 1-22,,true,,115,161,1,1,https://localhost:44322/api/Employee/GetEmployeeDetails?Name=fira,0,0,0
1648731484298,3,GetById,204,No Content,Web Service Employee 1-22,,true,,115,152,1,1,https://localhost:44322/api/Employee/GetEmployeeById?Id=,0,0,0
1648731484302,4,GetEmployeeDetails,204,No Content,Web Service Employee 1-22,,true,,115,161,1,1,https://localhost:44322/api/Employee/GetEmployeeDetails?Name=fira,0,0,0
1648731484307,4,GetById,204,No Content,Web Service Employee 1-22,,true,,115,152,1,1,https://localhost:44322/api/Employee/GetEmployeeById?Id=,0,0,0
1648731484311,4,GetEmployeeDetails,204,No Content,Web Service Employee 1-22,,true,,115,161,1,1,https://localhost:44322/api/Employee/GetEmployeeDetails?Name=fira,0,0,0
1648731486225,28,GetById,204,No Content,Web Service Employee 1-23,,true,,115,152,1,1,https://localhost:44322/api/Employee/GetEmployeeById?Id=,0,0,21
1648731486253,5,GetEmployeeDetails,204,No Content,Web Service Employee 1-23,,true,,115,161,1,1,https://localhost:44322/api/Employee/GetEmployeeDetails?Name=fira,0,0,0
1648731486259,4,GetById,204,No Content,Web Service Employee 1-23,,true,,115,152,1,1,https://localhost:44322/api/Employee/GetEmployeeById?Id=,0,0,0
1648731486263,4,GetEmployeeDetails,204,No Content,Web Service Employee 1-23,,true,,115,161,1,1,https://localhost:44322/api/Employee/GetEmployeeDetails?Name=fira,0,0,0
1648731486268,4,GetById,204,No Content,Web Service Employee 1-23,,true,,115,152,1,1,https://localhost:44322/api/Employee/GetEmployeeById?Id=,0,0,0
1648731486273,5,GetEmployeeDetails,204,No Content,Web Service Employee 1-23,,true,,115,161,1,1,https://localhost:44322/api/Employee/GetEmployeeDetails?Name=fira,0,0,0
1648731486279,5,GetById,204,No Content,Web Service Employee 1-23,,true,,115,152,1,1,https://localhost:44322/api/Employee/GetEmployeeById?Id=,0,0,0
1648731486285,7,GetEmployeeDetails,204,No Content,Web Service Employee 1-23,,true,,115,161,1,1,https://localhost:44322/api/Employee/GetEmployeeDetails?Name=fira,0,0,0
1648731486292,6,GetById,204,No Content,Web Service Employee 1-23,,true,,115,152,1,1,https://localhost:44322/api/Employee/GetEmployeeById?Id=,0,0,0
1648731486298,5,GetEmployeeDetails,204,No Content,Web Service Employee 1-23,,true,,115,161,1,1,https://localhost:44322/api/Employee/GetEmployeeDetails?Name=fira,0,0,0
1648731486303,4,GetById,204,No Content,Web Service Employee 1-23,,true,,115,152,1,1,https://localhost:44322/api/Employee/GetEmployeeById?Id=,0,0,0
1648731486307,6,GetEmployeeDetails,204,No Content,Web Service Employee 1-23,,true,,115,161,1,1,https://localhost:44322/api/Employee/GetEmployeeDetails?Name=fira,0,0,0
1648731488225,26,GetById,204,No Content,Web Service Employee 1-24,,true,,115,152,1,1,https://localhost:44322/api/Employee/GetEmployeeById?Id=,0,0,22
1648731488252,3,GetEmployeeDetails,204,No Content,Web Service Employee 1-24,,true,,115,161,1,1,https://localhost:44322/api/Employee/GetEmployeeDetails?Name=fira,0,0,0
1648731488256,4,GetById,204,No Content,Web Service Employee 1-24,,true,,115,152,1,1,https://localhost:44322/api/Employee/GetEmployeeById?Id=,0,0,0
1648731488260,4,GetEmployeeDetails,204,No Content,Web Service Employee 1-24,,true,,115,161,1,1,https://localhost:44322/api/Employee/GetEmployeeDetails?Name=fira,0,0,0
1648731488264,4,GetById,204,No Content,Web Service Employee 1-24,,true,,115,152,1,1,https://localhost:44322/api/Employee/GetEmployeeById?Id=,0,0,0
1648731488268,4,GetEmployeeDetails,204,No Content,Web Service Employee 1-24,,true,,115,161,1,1,https://localhost:44322/api/Employee/GetEmployeeDetails?Name=fira,0,0,0
1648731488273,4,GetById,204,No Content,Web Service Employee 1-24,,true,,115,152,1,1,https://localhost:44322/api/Employee/GetEmployeeById?Id=,0,0,0
1648731488277,4,GetEmployeeDetails,204,No Content,Web Service Employee 1-24,,true,,115,161,1,1,https://localhost:44322/api/Employee/GetEmployeeDetails?Name=fira,0,0,0
1648731488281,5,GetById,204,No Content,Web Service Employee 1-24,,true,,115,152,1,1,https://localhost:44322/api/Employee/GetEmployeeById?Id=,0,0,0
1648731488286,4,GetEmployeeDetails,204,No Content,Web Service Employee 1-24,,true,,115,161,1,1,https://localhost:44322/api/Employee/GetEmployeeDetails?Name=fira,0,0,0
1648731488291,3,GetById,204,No Content,Web Service Employee 1-24,,true,,115,152,1,1,https://localhost:44322/api/Employee/GetEmployeeById?Id=,0,0,0
1648731488295,3,GetEmployeeDetails,204,No Content,Web Service Employee 1-24,,true,,115,161,1,1,https://localhost:44322/api/Employee/GetEmployeeDetails?Name=fira,0,0,0
1648731490226,40,GetById,204,No Content,Web Service Employee 1-25,,true,,115,152,1,1,https://localhost:44322/api/Employee/GetEmployeeById?Id=,0,0,34
1648731490266,5,GetEmployeeDetails,204,No Content,Web Service Employee 1-25,,true,,115,161,1,1,https://localhost:44322/api/Employee/GetEmployeeDetails?Name=fira,0,0,0
1648731490271,5,GetById,204,No Content,Web Service Employee 1-25,,true,,115,152,1,1,https://localhost:44322/api/Employee/GetEmployeeById?Id=,0,0,0
1648731490276,4,GetEmployeeDetails,204,No Content,Web Service Employee 1-25,,true,,115,161,1,1,https://localhost:44322/api/Employee/GetEmployeeDetails?Name=fira,0,0,0
1648731490280,6,GetById,204,No Content,Web Service Employee 1-25,,true,,115,152,1,1,https://localhost:44322/api/Employee/GetEmployeeById?Id=,0,0,0
1648731490287,10,GetEmployeeDetails,204,No Content,Web Service Employee 1-25,,true,,115,161,1,1,https://localhost:44322/api/Employee/GetEmployeeDetails?Name=fira,0,0,0
1648731490297,7,GetById,204,No Content,Web Service Employee 1-25,,true,,115,152,1,1,https://localhost:44322/api/Employee/GetEmployeeById?Id=,0,0,0
1648731490304,8,GetEmployeeDetails,204,No Content,Web Service Employee 1-25,,true,,115,161,1,1,https://localhost:44322/api/Employee/GetEmployeeDetails?Name=fira,0,0,0
1648731490312,5,GetById,204,No Content,Web Service Employee 1-25,,true,,115,152,1,1,https://localhost:44322/api/Employee/GetEmployeeById?Id=,0,0,0
1648731490317,5,GetEmployeeDetails,204,No Content,Web Service Employee 1-25,,true,,115,161,1,1,https://localhost:44322/api/Employee/GetEmployeeDetails?Name=fira,0,0,0
1648731490322,5,GetById,204,No Content,Web Service Employee 1-25,,true,,115,152,1,1,https://localhost:44322/api/Employee/GetEmployeeById?Id=,0,0,0
1648731490327,6,GetEmployeeDetails,204,No Content,Web Service Employee 1-25,,true,,115,161,1,1,https://localhost:44322/api/Employee/GetEmployeeDetails?Name=fira,0,0,0
1648731492229,39,GetById,204,No Content,Web Service Employee 1-26,,true,,115,152,1,1,https://localhost:44322/api/Employee/GetEmployeeById?Id=,0,0,33
1648731492268,6,GetEmployeeDetails,204,No Content,Web Service Employee 1-26,,true,,115,161,1,1,https://localhost:44322/api/Employee/GetEmployeeDetails?Name=fira,0,0,0
1648731492274,5,GetById,204,No Content,Web Service Employee 1-26,,true,,115,152,1,1,https://localhost:44322/api/Employee/GetEmployeeById?Id=,0,0,0
1648731492280,5,GetEmployeeDetails,204,No Content,Web Service Employee 1-26,,true,,115,161,1,1,https://localhost:44322/api/Employee/GetEmployeeDetails?Name=fira,0,0,0
1648731492285,10,GetById,204,No Content,Web Service Employee 1-26,,true,,115,152,1,1,https://localhost:44322/api/Employee/GetEmployeeById?Id=,0,0,0
1648731492295,4,GetEmployeeDetails,204,No Content,Web Service Employee 1-26,,true,,115,161,1,1,https://localhost:44322/api/Employee/GetEmployeeDetails?Name=fira,0,0,0
1648731492299,5,GetById,204,No Content,Web Service Employee 1-26,,true,,115,152,1,1,https://localhost:44322/api/Employee/GetEmployeeById?Id=,0,0,0
1648731492304,8,GetEmployeeDetails,204,No Content,Web Service Employee 1-26,,true,,115,161,1,1,https://localhost:44322/api/Employee/GetEmployeeDetails?Name=fira,0,0,0
1648731492312,4,GetById,204,No Content,Web Service Employee 1-26,,true,,115,152,1,1,https://localhost:44322/api/Employee/GetEmployeeById?Id=,0,0,0
1648731492316,7,GetEmployeeDetails,204,No Content,Web Service Employee 1-26,,true,,115,161,1,1,https://localhost:44322/api/Employee/GetEmployeeDetails?Name=fira,0,0,0
1648731492323,10,GetById,204,No Content,Web Service Employee 1-26,,true,,115,152,1,1,https://localhost:44322/api/Employee/GetEmployeeById?Id=,0,0,0
1648731492334,11,GetEmployeeDetails,204,No Content,Web Service Employee 1-26,,true,,115,161,1,1,https://localhost:44322/api/Employee/GetEmployeeDetails?Name=fira,0,0,0
1648731494231,34,GetById,204,No Content,Web Service Employee 1-27,,true,,115,152,1,1,https://localhost:44322/api/Employee/GetEmployeeById?Id=,0,0,29
1648731494265,5,GetEmployeeDetails,204,No Content,Web Service Employee 1-27,,true,,115,161,1,1,https://localhost:44322/api/Employee/GetEmployeeDetails?Name=fira,0,0,0
1648731494271,4,GetById,204,No Content,Web Service Employee 1-27,,true,,115,152,1,1,https://localhost:44322/api/Employee/GetEmployeeById?Id=,0,0,0
1648731494276,4,GetEmployeeDetails,204,No Content,Web Service Employee 1-27,,true,,115,161,1,1,https://localhost:44322/api/Employee/GetEmployeeDetails?Name=fira,0,0,0
1648731494280,4,GetById,204,No Content,Web Service Employee 1-27,,true,,115,152,1,1,https://localhost:44322/api/Employee/GetEmployeeById?Id=,0,0,0
1648731494284,8,GetEmployeeDetails,204,No Content,Web Service Employee 1-27,,true,,115,161,1,1,https://localhost:44322/api/Employee/GetEmployeeDetails?Name=fira,0,0,0
1648731494292,7,GetById,204,No Content,Web Service Employee 1-27,,true,,115,152,1,1,https://localhost:44322/api/Employee/GetEmployeeById?Id=,0,0,0
1648731494299,10,GetEmployeeDetails,204,No Content,Web Service Employee 1-27,,true,,115,161,1,1,https://localhost:44322/api/Employee/GetEmployeeDetails?Name=fira,0,0,0
1648731494310,6,GetById,204,No Content,Web Service Employee 1-27,,true,,115,152,1,1,https://localhost:44322/api/Employee/GetEmployeeById?Id=,0,0,0
1648731494316,5,GetEmployeeDetails,204,No Content,Web Service Employee 1-27,,true,,115,161,1,1,https://localhost:44322/api/Employee/GetEmployeeDetails?Name=fira,0,0,0
1648731494322,9,GetById,204,No Content,Web Service Employee 1-27,,true,,115,152,1,1,https://localhost:44322/api/Employee/GetEmployeeById?Id=,0,0,0
1648731494331,5,GetEmployeeDetails,204,No Content,Web Service Employee 1-27,,true,,115,161,1,1,https://localhost:44322/api/Employee/GetEmployeeDetails?Name=fira,0,0,0
1648731496234,43,GetById,204,No Content,Web Service Employee 1-28,,true,,115,152,1,1,https://localhost:44322/api/Employee/GetEmployeeById?Id=,0,0,39
1648731496277,4,GetEmployeeDetails,204,No Content,Web Service Employee 1-28,,true,,115,161,1,1,https://localhost:44322/api/Employee/GetEmployeeDetails?Name=fira,0,0,0
1648731496281,4,GetById,204,No Content,Web Service Employee 1-28,,true,,115,152,1,1,https://localhost:44322/api/Employee/GetEmployeeById?Id=,0,0,0
1648731496285,4,GetEmployeeDetails,204,No Content,Web Service Employee 1-28,,true,,115,161,1,1,https://localhost:44322/api/Employee/GetEmployeeDetails?Name=fira,0,0,0
1648731496290,3,GetById,204,No Content,Web Service Employee 1-28,,true,,115,152,1,1,https://localhost:44322/api/Employee/GetEmployeeById?Id=,0,0,0
1648731496294,3,GetEmployeeDetails,204,No Content,Web Service Employee 1-28,,true,,115,161,1,1,https://localhost:44322/api/Employee/GetEmployeeDetails?Name=fira,0,0,0
1648731496298,4,GetById,204,No Content,Web Service Employee 1-28,,true,,115,152,1,1,https://localhost:44322/api/Employee/GetEmployeeById?Id=,0,0,0
1648731496303,4,GetEmployeeDetails,204,No Content,Web Service Employee 1-28,,true,,115,161,1,1,https://localhost:44322/api/Employee/GetEmployeeDetails?Name=fira,0,0,0
1648731496307,5,GetById,204,No Content,Web Service Employee 1-28,,true,,115,152,1,1,https://localhost:44322/api/Employee/GetEmployeeById?Id=,0,0,0
1648731496312,4,GetEmployeeDetails,204,No Content,Web Service Employee 1-28,,true,,115,161,1,1,https://localhost:44322/api/Employee/GetEmployeeDetails?Name=fira,0,0,0
1648731496317,4,GetById,204,No Content,Web Service Employee 1-28,,true,,115,152,1,1,https://localhost:44322/api/Employee/GetEmployeeById?Id=,0,0,0
1648731496321,4,GetEmployeeDetails,204,No Content,Web Service Employee 1-28,,true,,115,161,1,1,https://localhost:44322/api/Employee/GetEmployeeDetails?Name=fira,0,0,0
1648731498237,243,GetById,204,No Content,Web Service Employee 1-29,,true,,115,152,1,1,https://localhost:44322/api/Employee/GetEmployeeById?Id=,0,0,236
1648731498481,4,GetEmployeeDetails,204,No Content,Web Service Employee 1-29,,true,,115,161,1,1,https://localhost:44322/api/Employee/GetEmployeeDetails?Name=fira,0,0,0
1648731498485,5,GetById,204,No Content,Web Service Employee 1-29,,true,,115,152,1,1,https://localhost:44322/api/Employee/GetEmployeeById?Id=,0,0,0
1648731498490,4,GetEmployeeDetails,204,No Content,Web Service Employee 1-29,,true,,115,161,1,1,https://localhost:44322/api/Employee/GetEmployeeDetails?Name=fira,0,0,0
1648731498494,4,GetById,204,No Content,Web Service Employee 1-29,,true,,115,152,1,1,https://localhost:44322/api/Employee/GetEmployeeById?Id=,0,0,0
1648731498498,5,GetEmployeeDetails,204,No Content,Web Service Employee 1-29,,true,,115,161,1,1,https://localhost:44322/api/Employee/GetEmployeeDetails?Name=fira,0,0,0
1648731498504,30,GetById,204,No Content,Web Service Employee 1-29,,true,,115,152,1,1,https://localhost:44322/api/Employee/GetEmployeeById?Id=,0,0,0
1648731498535,5,GetEmployeeDetails,204,No Content,Web Service Employee 1-29,,true,,115,161,1,1,https://localhost:44322/api/Employee/GetEmployeeDetails?Name=fira,0,0,0
1648731498540,4,GetById,204,No Content,Web Service Employee 1-29,,true,,115,152,1,1,https://localhost:44322/api/Employee/GetEmployeeById?Id=,0,0,0
1648731498544,4,GetEmployeeDetails,204,No Content,Web Service Employee 1-29,,true,,115,161,1,1,https://localhost:44322/api/Employee/GetEmployeeDetails?Name=fira,0,0,0
1648731498548,4,GetById,204,No Content,Web Service Employee 1-29,,true,,115,152,1,1,https://localhost:44322/api/Employee/GetEmployeeById?Id=,0,0,0
1648731498552,5,GetEmployeeDetails,204,No Content,Web Service Employee 1-29,,true,,115,161,1,1,https://localhost:44322/api/Employee/GetEmployeeDetails?Name=fira,0,0,0
1648731500225,33,GetById,204,No Content,Web Service Employee 1-30,,true,,115,152,1,1,https://localhost:44322/api/Employee/GetEmployeeById?Id=,0,0,28
1648731500258,4,GetEmployeeDetails,204,No Content,Web Service Employee 1-30,,true,,115,161,1,1,https://localhost:44322/api/Employee/GetEmployeeDetails?Name=fira,0,0,0
1648731500262,4,GetById,204,No Content,Web Service Employee 1-30,,true,,115,152,1,1,https://localhost:44322/api/Employee/GetEmployeeById?Id=,0,0,0
1648731500266,4,GetEmployeeDetails,204,No Content,Web Service Employee 1-30,,true,,115,161,1,1,https://localhost:44322/api/Employee/GetEmployeeDetails?Name=fira,0,0,0
1648731500270,4,GetById,204,No Content,Web Service Employee 1-30,,true,,115,152,1,1,https://localhost:44322/api/Employee/GetEmployeeById?Id=,0,0,0
1648731500274,4,GetEmployeeDetails,204,No Content,Web Service Employee 1-30,,true,,115,161,1,1,https://localhost:44322/api/Employee/GetEmployeeDetails?Name=fira,0,0,0
1648731500279,3,GetById,204,No Content,Web Service Employee 1-30,,true,,115,152,1,1,https://localhost:44322/api/Employee/GetEmployeeById?Id=,0,0,0
1648731500282,4,GetEmployeeDetails,204,No Content,Web Service Employee 1-30,,true,,115,161,1,1,https://localhost:44322/api/Employee/GetEmployeeDetails?Name=fira,0,0,0
1648731500286,5,GetById,204,No Content,Web Service Employee 1-30,,true,,115,152,1,1,https://localhost:44322/api/Employee/GetEmployeeById?Id=,0,0,0
1648731500291,4,GetEmployeeDetails,204,No Content,Web Service Employee 1-30,,true,,115,161,1,1,https://localhost:44322/api/Employee/GetEmployeeDetails?Name=fira,0,0,0
1648731500295,4,GetById,204,No Content,Web Service Employee 1-30,,true,,115,152,1,1,https://localhost:44322/api/Employee/GetEmployeeById?Id=,0,0,0
1648731500299,5,GetEmployeeDetails,204,No Content,Web Service Employee 1-30,,true,,115,161,1,1,https://localhost:44322/api/Employee/GetEmployeeDetails?Name=fira,0,0,0
1648731502244,49,GetById,204,No Content,Web Service Employee 1-31,,true,,115,152,1,1,https://localhost:44322/api/Employee/GetEmployeeById?Id=,0,0,43
1648731502293,4,GetEmployeeDetails,204,No Content,Web Service Employee 1-31,,true,,115,161,1,1,https://localhost:44322/api/Employee/GetEmployeeDetails?Name=fira,0,0,0
1648731502298,4,GetById,204,No Content,Web Service Employee 1-31,,true,,115,152,1,1,https://localhost:44322/api/Employee/GetEmployeeById?Id=,0,0,0
1648731502302,5,GetEmployeeDetails,204,No Content,Web Service Employee 1-31,,true,,115,161,1,1,https://localhost:44322/api/Employee/GetEmployeeDetails?Name=fira,0,0,0
1648731502307,5,GetById,204,No Content,Web Service Employee 1-31,,true,,115,152,1,1,https://localhost:44322/api/Employee/GetEmployeeById?Id=,0,0,0
1648731502312,4,GetEmployeeDetails,204,No Content,Web Service Employee 1-31,,true,,115,161,1,1,https://localhost:44322/api/Employee/GetEmployeeDetails?Name=fira,0,0,0
1648731502316,4,GetById,204,No Content,Web Service Employee 1-31,,true,,115,152,1,1,https://localhost:44322/api/Employee/GetEmployeeById?Id=,0,0,0
1648731502320,5,GetEmployeeDetails,204,No Content,Web Service Employee 1-31,,true,,115,161,1,1,https://localhost:44322/api/Employee/GetEmployeeDetails?Name=fira,0,0,0
1648731502325,5,GetById,204,No Content,Web Service Employee 1-31,,true,,115,152,1,1,https://localhost:44322/api/Employee/GetEmployeeById?Id=,0,0,0
1648731502331,9,GetEmployeeDetails,204,No Content,Web Service Employee 1-31,,true,,115,161,1,1,https://localhost:44322/api/Employee/GetEmployeeDetails?Name=fira,0,0,0
1648731502340,6,GetById,204,No Content,Web Service Employee 1-31,,true,,115,152,1,1,https://localhost:44322/api/Employee/GetEmployeeById?Id=,0,0,0
1648731502346,9,GetEmployeeDetails,204,No Content,Web Service Employee 1-31,,true,,115,161,1,1,https://localhost:44322/api/Employee/GetEmployeeDetails?Name=fira,0,0,0
1648731504455,233,GetById,204,No Content,Web Service Employee 1-32,,true,,115,152,1,1,https://localhost:44322/api/Employee/GetEmployeeById?Id=,0,0,225
1648731504688,6,GetEmployeeDetails,204,No Content,Web Service Employee 1-32,,true,,115,161,1,1,https://localhost:44322/api/Employee/GetEmployeeDetails?Name=fira,0,0,0
1648731504694,6,GetById,204,No Content,Web Service Employee 1-32,,true,,115,152,1,1,https://localhost:44322/api/Employee/GetEmployeeById?Id=,0,0,0
1648731504700,5,GetEmployeeDetails,204,No Content,Web Service Employee 1-32,,true,,115,161,1,1,https://localhost:44322/api/Employee/GetEmployeeDetails?Name=fira,0,0,0
1648731504705,5,GetById,204,No Content,Web Service Employee 1-32,,true,,115,152,1,1,https://localhost:44322/api/Employee/GetEmployeeById?Id=,0,0,0
1648731504710,5,GetEmployeeDetails,204,No Content,Web Service Employee 1-32,,true,,115,161,1,1,https://localhost:44322/api/Employee/GetEmployeeDetails?Name=fira,0,0,0
1648731504715,5,GetById,204,No Content,Web Service Employee 1-32,,true,,115,152,1,1,https://localhost:44322/api/Employee/GetEmployeeById?Id=,0,0,0
1648731504721,5,GetEmployeeDetails,204,No Content,Web Service Employee 1-32,,true,,115,161,1,1,https://localhost:44322/api/Employee/GetEmployeeDetails?Name=fira,0,0,0
1648731504726,5,GetById,204,No Content,Web Service Employee 1-32,,true,,115,152,1,1,https://localhost:44322/api/Employee/GetEmployeeById?Id=,0,0,0
1648731504732,6,GetEmployeeDetails,204,No Content,Web Service Employee 1-32,,true,,115,161,1,1,https://localhost:44322/api/Employee/GetEmployeeDetails?Name=fira,0,0,0
1648731504738,7,GetById,204,No Content,Web Service Employee 1-32,,true,,115,152,1,1,https://localhost:44322/api/Employee/GetEmployeeById?Id=,0,0,0
1648731504745,16,GetEmployeeDetails,204,No Content,Web Service Employee 1-32,,true,,115,161,1,1,https://localhost:44322/api/Employee/GetEmployeeDetails?Name=fira,0,0,0
1648731506241,27,GetById,204,No Content,Web Service Employee 1-33,,true,,115,152,1,1,https://localhost:44322/api/Employee/GetEmployeeById?Id=,0,0,22
1648731506268,5,GetEmployeeDetails,204,No Content,Web Service Employee 1-33,,true,,115,161,1,1,https://localhost:44322/api/Employee/GetEmployeeDetails?Name=fira,0,0,0
1648731506273,4,GetById,204,No Content,Web Service Employee 1-33,,true,,115,152,1,1,https://localhost:44322/api/Employee/GetEmployeeById?Id=,0,0,0
1648731506277,5,GetEmployeeDetails,204,No Content,Web Service Employee 1-33,,true,,115,161,1,1,https://localhost:44322/api/Employee/GetEmployeeDetails?Name=fira,0,0,0
1648731506282,5,GetById,204,No Content,Web Service Employee 1-33,,true,,115,152,1,1,https://localhost:44322/api/Employee/GetEmployeeById?Id=,0,0,0
1648731506287,5,GetEmployeeDetails,204,No Content,Web Service Employee 1-33,,true,,115,161,1,1,https://localhost:44322/api/Employee/GetEmployeeDetails?Name=fira,0,0,0
1648731506292,4,GetById,204,No Content,Web Service Employee 1-33,,true,,115,152,1,1,https://localhost:44322/api/Employee/GetEmployeeById?Id=,0,0,0
1648731506296,5,GetEmployeeDetails,204,No Content,Web Service Employee 1-33,,true,,115,161,1,1,https://localhost:44322/api/Employee/GetEmployeeDetails?Name=fira,0,0,0
1648731506301,5,GetById,204,No Content,Web Service Employee 1-33,,true,,115,152,1,1,https://localhost:44322/api/Employee/GetEmployeeById?Id=,0,0,0
1648731506306,4,GetEmployeeDetails,204,No Content,Web Service Employee 1-33,,true,,115,161,1,1,https://localhost:44322/api/Employee/GetEmployeeDetails?Name=fira,0,0,0
1648731506311,4,GetById,204,No Content,Web Service Employee 1-33,,true,,115,152,1,1,https://localhost:44322/api/Employee/GetEmployeeById?Id=,0,0,0
1648731506315,4,GetEmployeeDetails,204,No Content,Web Service Employee 1-33,,true,,115,161,1,1,https://localhost:44322/api/Employee/GetEmployeeDetails?Name=fira,0,0,0
1648731508240,30,GetById,204,No Content,Web Service Employee 1-34,,true,,115,152,1,1,https://localhost:44322/api/Employee/GetEmployeeById?Id=,0,0,26
1648731508271,3,GetEmployeeDetails,204,No Content,Web Service Employee 1-34,,true,,115,161,1,1,https://localhost:44322/api/Employee/GetEmployeeDetails?Name=fira,0,0,0
1648731508275,3,GetById,204,No Content,Web Service Employee 1-34,,true,,115,152,1,1,https://localhost:44322/api/Employee/GetEmployeeById?Id=,0,0,0
1648731508278,4,GetEmployeeDetails,204,No Content,Web Service Employee 1-34,,true,,115,161,1,1,https://localhost:44322/api/Employee/GetEmployeeDetails?Name=fira,0,0,0
1648731508283,4,GetById,204,No Content,Web Service Employee 1-34,,true,,115,152,1,1,https://localhost:44322/api/Employee/GetEmployeeById?Id=,0,0,0
1648731508287,4,GetEmployeeDetails,204,No Content,Web Service Employee 1-34,,true,,115,161,1,1,https://localhost:44322/api/Employee/GetEmployeeDetails?Name=fira,0,0,0
1648731508291,4,GetById,204,No Content,Web Service Employee 1-34,,true,,115,152,1,1,https://localhost:44322/api/Employee/GetEmployeeById?Id=,0,0,0
1648731508295,4,GetEmployeeDetails,204,No Content,Web Service Employee 1-34,,true,,115,161,1,1,https://localhost:44322/api/Employee/GetEmployeeDetails?Name=fira,0,0,0
1648731508299,5,GetById,204,No Content,Web Service Employee 1-34,,true,,115,152,1,1,https://localhost:44322/api/Employee/GetEmployeeById?Id=,0,0,0
1648731508304,4,GetEmployeeDetails,204,No Content,Web Service Employee 1-34,,true,,115,161,1,1,https://localhost:44322/api/Employee/GetEmployeeDetails?Name=fira,0,0,0
1648731508308,4,GetById,204,No Content,Web Service Employee 1-34,,true,,115,152,1,1,https://localhost:44322/api/Employee/GetEmployeeById?Id=,0,0,0
1648731508312,4,GetEmployeeDetails,204,No Content,Web Service Employee 1-34,,true,,115,161,1,1,https://localhost:44322/api/Employee/GetEmployeeDetails?Name=fira,0,0,0
1648731510242,41,GetById,204,No Content,Web Service Employee 1-35,,true,,115,152,1,1,https://localhost:44322/api/Employee/GetEmployeeById?Id=,0,0,37
1648731510289,12,GetEmployeeDetails,204,No Content,Web Service Employee 1-35,,true,,115,161,1,1,https://localhost:44322/api/Employee/GetEmployeeDetails?Name=fira,0,0,0
1648731510301,6,GetById,204,No Content,Web Service Employee 1-35,,true,,115,152,1,1,https://localhost:44322/api/Employee/GetEmployeeById?Id=,0,0,0
1648731510307,8,GetEmployeeDetails,204,No Content,Web Service Employee 1-35,,true,,115,161,1,1,https://localhost:44322/api/Employee/GetEmployeeDetails?Name=fira,0,0,0
1648731510316,16,GetById,204,No Content,Web Service Employee 1-35,,true,,115,152,1,1,https://localhost:44322/api/Employee/GetEmployeeById?Id=,0,0,0
1648731510333,11,GetEmployeeDetails,204,No Content,Web Service Employee 1-35,,true,,115,161,1,1,https://localhost:44322/api/Employee/GetEmployeeDetails?Name=fira,0,0,0
1648731510344,5,GetById,204,No Content,Web Service Employee 1-35,,true,,115,152,1,1,https://localhost:44322/api/Employee/GetEmployeeById?Id=,0,0,0
1648731510350,5,GetEmployeeDetails,204,No Content,Web Service Employee 1-35,,true,,115,161,1,1,https://localhost:44322/api/Employee/GetEmployeeDetails?Name=fira,0,0,0
1648731510355,6,GetById,204,No Content,Web Service Employee 1-35,,true,,115,152,1,1,https://localhost:44322/api/Employee/GetEmployeeById?Id=,0,0,0
1648731510361,5,GetEmployeeDetails,204,No Content,Web Service Employee 1-35,,true,,115,161,1,1,https://localhost:44322/api/Employee/GetEmployeeDetails?Name=fira,0,0,0
1648731510367,8,GetById,204,No Content,Web Service Employee 1-35,,true,,115,152,1,1,https://localhost:44322/api/Employee/GetEmployeeById?Id=,0,0,0
1648731510375,7,GetEmployeeDetails,204,No Content,Web Service Employee 1-35,,true,,115,161,1,1,https://localhost:44322/api/Employee/GetEmployeeDetails?Name=fira,0,0,0
1648731512238,30,GetById,204,No Content,Web Service Employee 1-36,,true,,115,152,1,1,https://localhost:44322/api/Employee/GetEmployeeById?Id=,0,0,25
1648731512269,7,GetEmployeeDetails,204,No Content,Web Service Employee 1-36,,true,,115,161,1,1,https://localhost:44322/api/Employee/GetEmployeeDetails?Name=fira,0,0,0
1648731512276,5,GetById,204,No Content,Web Service Employee 1-36,,true,,115,152,1,1,https://localhost:44322/api/Employee/GetEmployeeById?Id=,0,0,0
1648731512282,13,GetEmployeeDetails,204,No Content,Web Service Employee 1-36,,true,,115,161,1,1,https://localhost:44322/api/Employee/GetEmployeeDetails?Name=fira,0,0,0
1648731512295,11,GetById,204,No Content,Web Service Employee 1-36,,true,,115,152,1,1,https://localhost:44322/api/Employee/GetEmployeeById?Id=,0,0,0
1648731512307,4,GetEmployeeDetails,204,No Content,Web Service Employee 1-36,,true,,115,161,1,1,https://localhost:44322/api/Employee/GetEmployeeDetails?Name=fira,0,0,0
1648731512312,4,GetById,204,No Content,Web Service Employee 1-36,,true,,115,152,1,1,https://localhost:44322/api/Employee/GetEmployeeById?Id=,0,0,0
1648731512316,14,GetEmployeeDetails,204,No Content,Web Service Employee 1-36,,true,,115,161,1,1,https://localhost:44322/api/Employee/GetEmployeeDetails?Name=fira,0,0,0
1648731512330,5,GetById,204,No Content,Web Service Employee 1-36,,true,,115,152,1,1,https://localhost:44322/api/Employee/GetEmployeeById?Id=,0,0,0
1648731512335,5,GetEmployeeDetails,204,No Content,Web Service Employee 1-36,,true,,115,161,1,1,https://localhost:44322/api/Employee/GetEmployeeDetails?Name=fira,0,0,0
1648731512341,4,GetById,204,No Content,Web Service Employee 1-36,,true,,115,152,1,1,https://localhost:44322/api/Employee/GetEmployeeById?Id=,0,0,0
1648731512345,4,GetEmployeeDetails,204,No Content,Web Service Employee 1-36,,true,,115,161,1,1,https://localhost:44322/api/Employee/GetEmployeeDetails?Name=fira,0,0,0
1648731514249,37,GetById,204,No Content,Web Service Employee 1-37,,true,,115,152,1,1,https://localhost:44322/api/Employee/GetEmployeeById?Id=,0,0,32
1648731514287,10,GetEmployeeDetails,204,No Content,Web Service Employee 1-37,,true,,115,161,1,1,https://localhost:44322/api/Employee/GetEmployeeDetails?Name=fira,0,0,0
1648731514298,9,GetById,204,No Content,Web Service Employee 1-37,,true,,115,152,1,1,https://localhost:44322/api/Employee/GetEmployeeById?Id=,0,0,0
1648731514307,5,GetEmployeeDetails,204,No Content,Web Service Employee 1-37,,true,,115,161,1,1,https://localhost:44322/api/Employee/GetEmployeeDetails?Name=fira,0,0,0
1648731514312,4,GetById,204,No Content,Web Service Employee 1-37,,true,,115,152,1,1,https://localhost:44322/api/Employee/GetEmployeeById?Id=,0,0,0
1648731514316,6,GetEmployeeDetails,204,No Content,Web Service Employee 1-37,,true,,115,161,1,1,https://localhost:44322/api/Employee/GetEmployeeDetails?Name=fira,0,0,0
1648731514323,8,GetById,204,No Content,Web Service Employee 1-37,,true,,115,152,1,1,https://localhost:44322/api/Employee/GetEmployeeById?Id=,0,0,0
1648731514331,10,GetEmployeeDetails,204,No Content,Web Service Employee 1-37,,true,,115,161,1,1,https://localhost:44322/api/Employee/GetEmployeeDetails?Name=fira,0,0,0
1648731514342,4,GetById,204,No Content,Web Service Employee 1-37,,true,,115,152,1,1,https://localhost:44322/api/Employee/GetEmployeeById?Id=,0,0,0
1648731514346,4,GetEmployeeDetails,204,No Content,Web Service Employee 1-37,,true,,115,161,1,1,https://localhost:44322/api/Employee/GetEmployeeDetails?Name=fira,0,0,0
1648731514350,5,GetById,204,No Content,Web Service Employee 1-37,,true,,115,152,1,1,https://localhost:44322/api/Employee/GetEmployeeById?Id=,0,0,0
1648731514356,4,GetEmployeeDetails,204,No Content,Web Service Employee 1-37,,true,,115,161,1,1,https://localhost:44322/api/Employee/GetEmployeeDetails?Name=fira,0,0,0
1648731516233,37,GetById,204,No Content,Web Service Employee 1-38,,true,,115,152,1,1,https://localhost:44322/api/Employee/GetEmployeeById?Id=,0,0,28
1648731516271,7,GetEmployeeDetails,204,No Content,Web Service Employee 1-38,,true,,115,161,1,1,https://localhost:44322/api/Employee/GetEmployeeDetails?Name=fira,0,0,0
1648731516278,5,GetById,204,No Content,Web Service Employee 1-38,,true,,115,152,1,1,https://localhost:44322/api/Employee/GetEmployeeById?Id=,0,0,0
1648731516283,7,GetEmployeeDetails,204,No Content,Web Service Employee 1-38,,true,,115,161,1,1,https://localhost:44322/api/Employee/GetEmployeeDetails?Name=fira,0,0,0
1648731516290,5,GetById,204,No Content,Web Service Employee 1-38,,true,,115,152,1,1,https://localhost:44322/api/Employee/GetEmployeeById?Id=,0,0,0
1648731516296,5,GetEmployeeDetails,204,No Content,Web Service Employee 1-38,,true,,115,161,1,1,https://localhost:44322/api/Employee/GetEmployeeDetails?Name=fira,0,0,0
1648731516302,5,GetById,204,No Content,Web Service Employee 1-38,,true,,115,152,1,1,https://localhost:44322/api/Employee/GetEmployeeById?Id=,0,0,0
1648731516307,5,GetEmployeeDetails,204,No Content,Web Service Employee 1-38,,true,,115,161,1,1,https://localhost:44322/api/Employee/GetEmployeeDetails?Name=fira,0,0,0
1648731516312,4,GetById,204,No Content,Web Service Employee 1-38,,true,,115,152,1,1,https://localhost:44322/api/Employee/GetEmployeeById?Id=,0,0,0
1648731516316,4,GetEmployeeDetails,204,No Content,Web Service Employee 1-38,,true,,115,161,1,1,https://localhost:44322/api/Employee/GetEmployeeDetails?Name=fira,0,0,0
1648731516321,5,GetById,204,No Content,Web Service Employee 1-38,,true,,115,152,1,1,https://localhost:44322/api/Employee/GetEmployeeById?Id=,0,0,0
1648731516327,7,GetEmployeeDetails,204,No Content,Web Service Employee 1-38,,true,,115,161,1,1,https://localhost:44322/api/Employee/GetEmployeeDetails?Name=fira,0,0,0
1648731518230,28,GetById,204,No Content,Web Service Employee 1-39,,true,,115,152,1,1,https://localhost:44322/api/Employee/GetEmployeeById?Id=,0,0,23
1648731518258,4,GetEmployeeDetails,204,No Content,Web Service Employee 1-39,,true,,115,161,1,1,https://localhost:44322/api/Employee/GetEmployeeDetails?Name=fira,0,0,0
1648731518263,5,GetById,204,No Content,Web Service Employee 1-39,,true,,115,152,1,1,https://localhost:44322/api/Employee/GetEmployeeById?Id=,0,0,0
1648731518268,4,GetEmployeeDetails,204,No Content,Web Service Employee 1-39,,true,,115,161,1,1,https://localhost:44322/api/Employee/GetEmployeeDetails?Name=fira,0,0,0
1648731518272,5,GetById,204,No Content,Web Service Employee 1-39,,true,,115,152,1,1,https://localhost:44322/api/Employee/GetEmployeeById?Id=,0,0,0
1648731518277,4,GetEmployeeDetails,204,No Content,Web Service Employee 1-39,,true,,115,161,1,1,https://localhost:44322/api/Employee/GetEmployeeDetails?Name=fira,0,0,0
1648731518282,4,GetById,204,No Content,Web Service Employee 1-39,,true,,115,152,1,1,https://localhost:44322/api/Employee/GetEmployeeById?Id=,0,0,0
1648731518286,5,GetEmployeeDetails,204,No Content,Web Service Employee 1-39,,true,,115,161,1,1,https://localhost:44322/api/Employee/GetEmployeeDetails?Name=fira,0,0,0
1648731518291,5,GetById,204,No Content,Web Service Employee 1-39,,true,,115,152,1,1,https://localhost:44322/api/Employee/GetEmployeeById?Id=,0,0,0
1648731518296,4,GetEmployeeDetails,204,No Content,Web Service Employee 1-39,,true,,115,161,1,1,https://localhost:44322/api/Employee/GetEmployeeDetails?Name=fira,0,0,0
1648731518391,5,GetById,204,No Content,Web Service Employee 1-39,,true,,115,152,1,1,https://localhost:44322/api/Employee/GetEmployeeById?Id=,0,0,0
1648731518396,5,GetEmployeeDetails,204,No Content,Web Service Employee 1-39,,true,,115,161,1,1,https://localhost:44322/api/Employee/GetEmployeeDetails?Name=fira,0,0,0
1648731520249,23,GetById,204,No Content,Web Service Employee 1-40,,true,,115,152,1,1,https://localhost:44322/api/Employee/GetEmployeeById?Id=,0,0,18
1648731520272,4,GetEmployeeDetails,204,No Content,Web Service Employee 1-40,,true,,115,161,1,1,https://localhost:44322/api/Employee/GetEmployeeDetails?Name=fira,0,0,0
1648731520277,7,GetById,204,No Content,Web Service Employee 1-40,,true,,115,152,1,1,https://localhost:44322/api/Employee/GetEmployeeById?Id=,0,0,0
1648731520284,7,GetEmployeeDetails,204,No Content,Web Service Employee 1-40,,true,,115,161,1,1,https://localhost:44322/api/Employee/GetEmployeeDetails?Name=fira,0,0,0
1648731520292,6,GetById,204,No Content,Web Service Employee 1-40,,true,,115,152,1,1,https://localhost:44322/api/Employee/GetEmployeeById?Id=,0,0,0
1648731520299,7,GetEmployeeDetails,204,No Content,Web Service Employee 1-40,,true,,115,161,1,1,https://localhost:44322/api/Employee/GetEmployeeDetails?Name=fira,0,0,0
1648731520306,5,GetById,204,No Content,Web Service Employee 1-40,,true,,115,152,1,1,https://localhost:44322/api/Employee/GetEmployeeById?Id=,0,0,0
1648731520311,6,GetEmployeeDetails,204,No Content,Web Service Employee 1-40,,true,,115,161,1,1,https://localhost:44322/api/Employee/GetEmployeeDetails?Name=fira,0,0,0
1648731520317,6,GetById,204,No Content,Web Service Employee 1-40,,true,,115,152,1,1,https://localhost:44322/api/Employee/GetEmployeeById?Id=,0,0,0
1648731520323,4,GetEmployeeDetails,204,No Content,Web Service Employee 1-40,,true,,115,161,1,1,https://localhost:44322/api/Employee/GetEmployeeDetails?Name=fira,0,0,0
1648731520328,4,GetById,204,No Content,Web Service Employee 1-40,,true,,115,152,1,1,https://localhost:44322/api/Employee/GetEmployeeById?Id=,0,0,0
1648731520332,5,GetEmployeeDetails,204,No Content,Web Service Employee 1-40,,true,,115,161,1,1,https://localhost:44322/api/Employee/GetEmployeeDetails?Name=fira,0,0,0
1648731522231,156,GetById,204,No Content,Web Service Employee 1-41,,true,,115,152,1,1,https://localhost:44322/api/Employee/GetEmployeeById?Id=,0,0,149
1648731522387,5,GetEmployeeDetails,204,No Content,Web Service Employee 1-41,,true,,115,161,1,1,https://localhost:44322/api/Employee/GetEmployeeDetails?Name=fira,0,0,0
1648731522392,5,GetById,204,No Content,Web Service Employee 1-41,,true,,115,152,1,1,https://localhost:44322/api/Employee/GetEmployeeById?Id=,0,0,0
1648731522397,4,GetEmployeeDetails,204,No Content,Web Service Employee 1-41,,true,,115,161,1,1,https://localhost:44322/api/Employee/GetEmployeeDetails?Name=fira,0,0,0
1648731522401,5,GetById,204,No Content,Web Service Employee 1-41,,true,,115,152,1,1,https://localhost:44322/api/Employee/GetEmployeeById?Id=,0,0,0
1648731522406,4,GetEmployeeDetails,204,No Content,Web Service Employee 1-41,,true,,115,161,1,1,https://localhost:44322/api/Employee/GetEmployeeDetails?Name=fira,0,0,0
1648731522411,4,GetById,204,No Content,Web Service Employee 1-41,,true,,115,152,1,1,https://localhost:44322/api/Employee/GetEmployeeById?Id=,0,0,0
1648731522415,5,GetEmployeeDetails,204,No Content,Web Service Employee 1-41,,true,,115,161,1,1,https://localhost:44322/api/Employee/GetEmployeeDetails?Name=fira,0,0,0
1648731522420,4,GetById,204,No Content,Web Service Employee 1-41,,true,,115,152,1,1,https://localhost:44322/api/Employee/GetEmployeeById?Id=,0,0,0
1648731522425,4,GetEmployeeDetails,204,No Content,Web Service Employee 1-41,,true,,115,161,1,1,https://localhost:44322/api/Employee/GetEmployeeDetails?Name=fira,0,0,0
1648731522429,4,GetById,204,No Content,Web Service Employee 1-41,,true,,115,152,1,1,https://localhost:44322/api/Employee/GetEmployeeById?Id=,0,0,0
1648731522433,6,GetEmployeeDetails,204,No Content,Web Service Employee 1-41,,true,,115,161,1,1,https://localhost:44322/api/Employee/GetEmployeeDetails?Name=fira,0,0,0
1648731524246,22,GetById,204,No Content,Web Service Employee 1-42,,true,,115,152,1,1,https://localhost:44322/api/Employee/GetEmployeeById?Id=,0,0,17
1648731524268,5,GetEmployeeDetails,204,No Content,Web Service Employee 1-42,,true,,115,161,1,1,https://localhost:44322/api/Employee/GetEmployeeDetails?Name=fira,0,0,0
1648731524274,4,GetById,204,No Content,Web Service Employee 1-42,,true,,115,152,1,1,https://localhost:44322/api/Employee/GetEmployeeById?Id=,0,0,0
1648731524279,4,GetEmployeeDetails,204,No Content,Web Service Employee 1-42,,true,,115,161,1,1,https://localhost:44322/api/Employee/GetEmployeeDetails?Name=fira,0,0,0
1648731524283,5,GetById,204,No Content,Web Service Employee 1-42,,true,,115,152,1,1,https://localhost:44322/api/Employee/GetEmployeeById?Id=,0,0,0
1648731524288,5,GetEmployeeDetails,204,No Content,Web Service Employee 1-42,,true,,115,161,1,1,https://localhost:44322/api/Employee/GetEmployeeDetails?Name=fira,0,0,0
1648731524293,5,GetById,204,No Content,Web Service Employee 1-42,,true,,115,152,1,1,https://localhost:44322/api/Employee/GetEmployeeById?Id=,0,0,0
1648731524298,5,GetEmployeeDetails,204,No Content,Web Service Employee 1-42,,true,,115,161,1,1,https://localhost:44322/api/Employee/GetEmployeeDetails?Name=fira,0,0,0
1648731524303,5,GetById,204,No Content,Web Service Employee 1-42,,true,,115,152,1,1,https://localhost:44322/api/Employee/GetEmployeeById?Id=,0,0,0
1648731524308,4,GetEmployeeDetails,204,No Content,Web Service Employee 1-42,,true,,115,161,1,1,https://localhost:44322/api/Employee/GetEmployeeDetails?Name=fira,0,0,0
1648731524312,5,GetById,204,No Content,Web Service Employee 1-42,,true,,115,152,1,1,https://localhost:44322/api/Employee/GetEmployeeById?Id=,0,0,0
1648731524317,4,GetEmployeeDetails,204,No Content,Web Service Employee 1-42,,true,,115,161,1,1,https://localhost:44322/api/Employee/GetEmployeeDetails?Name=fira,0,0,0
1648731526246,23,GetById,204,No Content,Web Service Employee 1-43,,true,,115,152,1,1,https://localhost:44322/api/Employee/GetEmployeeById?Id=,0,0,18
1648731526270,4,GetEmployeeDetails,204,No Content,Web Service Employee 1-43,,true,,115,161,1,1,https://localhost:44322/api/Employee/GetEmployeeDetails?Name=fira,0,0,0
1648731526274,5,GetById,204,No Content,Web Service Employee 1-43,,true,,115,152,1,1,https://localhost:44322/api/Employee/GetEmployeeById?Id=,0,0,0
1648731526279,5,GetEmployeeDetails,204,No Content,Web Service Employee 1-43,,true,,115,161,1,1,https://localhost:44322/api/Employee/GetEmployeeDetails?Name=fira,0,0,0
1648731526284,6,GetById,204,No Content,Web Service Employee 1-43,,true,,115,152,1,1,https://localhost:44322/api/Employee/GetEmployeeById?Id=,0,0,0
1648731526290,5,GetEmployeeDetails,204,No Content,Web Service Employee 1-43,,true,,115,161,1,1,https://localhost:44322/api/Employee/GetEmployeeDetails?Name=fira,0,0,0
1648731526295,4,GetById,204,No Content,Web Service Employee 1-43,,true,,115,152,1,1,https://localhost:44322/api/Employee/GetEmployeeById?Id=,0,0,0
1648731526301,6,GetEmployeeDetails,204,No Content,Web Service Employee 1-43,,true,,115,161,1,1,https://localhost:44322/api/Employee/GetEmployeeDetails?Name=fira,0,0,0
1648731526307,5,GetById,204,No Content,Web Service Employee 1-43,,true,,115,152,1,1,https://localhost:44322/api/Employee/GetEmployeeById?Id=,0,0,0
1648731526312,4,GetEmployeeDetails,204,No Content,Web Service Employee 1-43,,true,,115,161,1,1,https://localhost:44322/api/Employee/GetEmployeeDetails?Name=fira,0,0,0
1648731526316,4,GetById,204,No Content,Web Service Employee 1-43,,true,,115,152,1,1,https://localhost:44322/api/Employee/GetEmployeeById?Id=,0,0,0
1648731526321,4,GetEmployeeDetails,204,No Content,Web Service Employee 1-43,,true,,115,161,1,1,https://localhost:44322/api/Employee/GetEmployeeDetails?Name=fira,0,0,0
1648731528247,47,GetById,204,No Content,Web Service Employee 1-44,,true,,115,152,1,1,https://localhost:44322/api/Employee/GetEmployeeById?Id=,0,0,41
1648731528294,6,GetEmployeeDetails,204,No Content,Web Service Employee 1-44,,true,,115,161,1,1,https://localhost:44322/api/Employee/GetEmployeeDetails?Name=fira,0,0,0
1648731528300,10,GetById,204,No Content,Web Service Employee 1-44,,true,,115,152,1,1,https://localhost:44322/api/Employee/GetEmployeeById?Id=,0,0,0
1648731528310,6,GetEmployeeDetails,204,No Content,Web Service Employee 1-44,,true,,115,161,1,1,https://localhost:44322/api/Employee/GetEmployeeDetails?Name=fira,0,0,0
1648731528316,5,GetById,204,No Content,Web Service Employee 1-44,,true,,115,152,1,1,https://localhost:44322/api/Employee/GetEmployeeById?Id=,0,0,0
1648731528321,5,GetEmployeeDetails,204,No Content,Web Service Employee 1-44,,true,,115,161,1,1,https://localhost:44322/api/Employee/GetEmployeeDetails?Name=fira,0,0,0
1648731528326,5,GetById,204,No Content,Web Service Employee 1-44,,true,,115,152,1,1,https://localhost:44322/api/Employee/GetEmployeeById?Id=,0,0,0
1648731528331,5,GetEmployeeDetails,204,No Content,Web Service Employee 1-44,,true,,115,161,1,1,https://localhost:44322/api/Employee/GetEmployeeDetails?Name=fira,0,0,0
1648731528336,4,GetById,204,No Content,Web Service Employee 1-44,,true,,115,152,1,1,https://localhost:44322/api/Employee/GetEmployeeById?Id=,0,0,0
1648731528340,4,GetEmployeeDetails,204,No Content,Web Service Employee 1-44,,true,,115,161,1,1,https://localhost:44322/api/Employee/GetEmployeeDetails?Name=fira,0,0,0
1648731528344,4,GetById,204,No Content,Web Service Employee 1-44,,true,,115,152,1,1,https://localhost:44322/api/Employee/GetEmployeeById?Id=,0,0,0
1648731528348,3,GetEmployeeDetails,204,No Content,Web Service Employee 1-44,,true,,115,161,1,1,https://localhost:44322/api/Employee/GetEmployeeDetails?Name=fira,0,0,0
1648731530249,63,GetById,204,No Content,Web Service Employee 1-45,,true,,115,152,1,1,https://localhost:44322/api/Employee/GetEmployeeById?Id=,0,0,56
1648731530312,8,GetEmployeeDetails,204,No Content,Web Service Employee 1-45,,true,,115,161,1,1,https://localhost:44322/api/Employee/GetEmployeeDetails?Name=fira,0,0,0
1648731530320,4,GetById,204,No Content,Web Service Employee 1-45,,true,,115,152,1,1,https://localhost:44322/api/Employee/GetEmployeeById?Id=,0,0,0
1648731530324,4,GetEmployeeDetails,204,No Content,Web Service Employee 1-45,,true,,115,161,1,1,https://localhost:44322/api/Employee/GetEmployeeDetails?Name=fira,0,0,0
1648731530328,4,GetById,204,No Content,Web Service Employee 1-45,,true,,115,152,1,1,https://localhost:44322/api/Employee/GetEmployeeById?Id=,0,0,0
1648731530332,5,GetEmployeeDetails,204,No Content,Web Service Employee 1-45,,true,,115,161,1,1,https://localhost:44322/api/Employee/GetEmployeeDetails?Name=fira,0,0,0
1648731530337,4,GetById,204,No Content,Web Service Employee 1-45,,true,,115,152,1,1,https://localhost:44322/api/Employee/GetEmployeeById?Id=,0,0,0
1648731530341,3,GetEmployeeDetails,204,No Content,Web Service Employee 1-45,,true,,115,161,1,1,https://localhost:44322/api/Employee/GetEmployeeDetails?Name=fira,0,0,0
1648731530345,3,GetById,204,No Content,Web Service Employee 1-45,,true,,115,152,1,1,https://localhost:44322/api/Employee/GetEmployeeById?Id=,0,0,0
1648731530348,5,GetEmployeeDetails,204,No Content,Web Service Employee 1-45,,true,,115,161,1,1,https://localhost:44322/api/Employee/GetEmployeeDetails?Name=fira,0,0,0
1648731530353,4,GetById,204,No Content,Web Service Employee 1-45,,true,,115,152,1,1,https://localhost:44322/api/Employee/GetEmployeeById?Id=,0,0,0
1648731530357,4,GetEmployeeDetails,204,No Content,Web Service Employee 1-45,,true,,115,161,1,1,https://localhost:44322/api/Employee/GetEmployeeDetails?Name=fira,0,0,0
1648731532246,22,GetById,204,No Content,Web Service Employee 1-46,,true,,115,152,1,1,https://localhost:44322/api/Employee/GetEmployeeById?Id=,0,0,17
1648731532268,5,GetEmployeeDetails,204,No Content,Web Service Employee 1-46,,true,,115,161,1,1,https://localhost:44322/api/Employee/GetEmployeeDetails?Name=fira,0,0,0
1648731532273,5,GetById,204,No Content,Web Service Employee 1-46,,true,,115,152,1,1,https://localhost:44322/api/Employee/GetEmployeeById?Id=,0,0,0
1648731532278,4,GetEmployeeDetails,204,No Content,Web Service Employee 1-46,,true,,115,161,1,1,https://localhost:44322/api/Employee/GetEmployeeDetails?Name=fira,0,0,0
1648731532282,5,GetById,204,No Content,Web Service Employee 1-46,,true,,115,152,1,1,https://localhost:44322/api/Employee/GetEmployeeById?Id=,0,0,0
1648731532287,5,GetEmployeeDetails,204,No Content,Web Service Employee 1-46,,true,,115,161,1,1,https://localhost:44322/api/Employee/GetEmployeeDetails?Name=fira,0,0,0
1648731532292,5,GetById,204,No Content,Web Service Employee 1-46,,true,,115,152,1,1,https://localhost:44322/api/Employee/GetEmployeeById?Id=,0,0,0
1648731532297,4,GetEmployeeDetails,204,No Content,Web Service Employee 1-46,,true,,115,161,1,1,https://localhost:44322/api/Employee/GetEmployeeDetails?Name=fira,0,0,0
1648731532301,5,GetById,204,No Content,Web Service Employee 1-46,,true,,115,152,1,1,https://localhost:44322/api/Employee/GetEmployeeById?Id=,0,0,0
1648731532306,4,GetEmployeeDetails,204,No Content,Web Service Employee 1-46,,true,,115,161,1,1,https://localhost:44322/api/Employee/GetEmployeeDetails?Name=fira,0,0,0
1648731532310,4,GetById,204,No Content,Web Service Employee 1-46,,true,,115,152,1,1,https://localhost:44322/api/Employee/GetEmployeeById?Id=,0,0,0
1648731532315,4,GetEmployeeDetails,204,No Content,Web Service Employee 1-46,,true,,115,161,1,1,https://localhost:44322/api/Employee/GetEmployeeDetails?Name=fira,0,0,0
1648731534245,23,GetById,204,No Content,Web Service Employee 1-47,,true,,115,152,1,1,https://localhost:44322/api/Employee/GetEmployeeById?Id=,0,0,17
1648731534268,5,GetEmployeeDetails,204,No Content,Web Service Employee 1-47,,true,,115,161,1,1,https://localhost:44322/api/Employee/GetEmployeeDetails?Name=fira,0,0,0
1648731534273,5,GetById,204,No Content,Web Service Employee 1-47,,true,,115,152,1,1,https://localhost:44322/api/Employee/GetEmployeeById?Id=,0,0,0
1648731534278,4,GetEmployeeDetails,204,No Content,Web Service Employee 1-47,,true,,115,161,1,1,https://localhost:44322/api/Employee/GetEmployeeDetails?Name=fira,0,0,0
1648731534283,5,GetById,204,No Content,Web Service Employee 1-47,,true,,115,152,1,1,https://localhost:44322/api/Employee/GetEmployeeById?Id=,0,0,0
1648731534288,4,GetEmployeeDetails,204,No Content,Web Service Employee 1-47,,true,,115,161,1,1,https://localhost:44322/api/Employee/GetEmployeeDetails?Name=fira,0,0,0
1648731534293,4,GetById,204,No Content,Web Service Employee 1-47,,true,,115,152,1,1,https://localhost:44322/api/Employee/GetEmployeeById?Id=,0,0,0
1648731534297,5,GetEmployeeDetails,204,No Content,Web Service Employee 1-47,,true,,115,161,1,1,https://localhost:44322/api/Employee/GetEmployeeDetails?Name=fira,0,0,0
1648731534302,5,GetById,204,No Content,Web Service Employee 1-47,,true,,115,152,1,1,https://localhost:44322/api/Employee/GetEmployeeById?Id=,0,0,0
1648731534307,4,GetEmployeeDetails,204,No Content,Web Service Employee 1-47,,true,,115,161,1,1,https://localhost:44322/api/Employee/GetEmployeeDetails?Name=fira,0,0,0
1648731534311,4,GetById,204,No Content,Web Service Employee 1-47,,true,,115,152,1,1,https://localhost:44322/api/Employee/GetEmployeeById?Id=,0,0,0
1648731534315,4,GetEmployeeDetails,204,No Content,Web Service Employee 1-47,,true,,115,161,1,1,https://localhost:44322/api/Employee/GetEmployeeDetails?Name=fira,0,0,0
1648731536247,52,GetById,204,No Content,Web Service Employee 1-48,,true,,115,152,1,1,https://localhost:44322/api/Employee/GetEmployeeById?Id=,0,0,47
1648731536300,4,GetEmployeeDetails,204,No Content,Web Service Employee 1-48,,true,,115,161,1,1,https://localhost:44322/api/Employee/GetEmployeeDetails?Name=fira,0,0,0
1648731536304,5,GetById,204,No Content,Web Service Employee 1-48,,true,,115,152,1,1,https://localhost:44322/api/Employee/GetEmployeeById?Id=,0,0,0
1648731536309,5,GetEmployeeDetails,204,No Content,Web Service Employee 1-48,,true,,115,161,1,1,https://localhost:44322/api/Employee/GetEmployeeDetails?Name=fira,0,0,0
1648731536314,5,GetById,204,No Content,Web Service Employee 1-48,,true,,115,152,1,1,https://localhost:44322/api/Employee/GetEmployeeById?Id=,0,0,0
1648731536319,5,GetEmployeeDetails,204,No Content,Web Service Employee 1-48,,true,,115,161,1,1,https://localhost:44322/api/Employee/GetEmployeeDetails?Name=fira,0,0,0
1648731536324,5,GetById,204,No Content,Web Service Employee 1-48,,true,,115,152,1,1,https://localhost:44322/api/Employee/GetEmployeeById?Id=,0,0,0
1648731536329,5,GetEmployeeDetails,204,No Content,Web Service Employee 1-48,,true,,115,161,1,1,https://localhost:44322/api/Employee/GetEmployeeDetails?Name=fira,0,0,0
1648731536334,5,GetById,204,No Content,Web Service Employee 1-48,,true,,115,152,1,1,https://localhost:44322/api/Employee/GetEmployeeById?Id=,0,0,0
1648731536339,5,GetEmployeeDetails,204,No Content,Web Service Employee 1-48,,true,,115,161,1,1,https://localhost:44322/api/Employee/GetEmployeeDetails?Name=fira,0,0,0
1648731536344,4,GetById,204,No Content,Web Service Employee 1-48,,true,,115,152,1,1,https://localhost:44322/api/Employee/GetEmployeeById?Id=,0,0,0
1648731536348,5,GetEmployeeDetails,204,No Content,Web Service Employee 1-48,,true,,115,161,1,1,https://localhost:44322/api/Employee/GetEmployeeDetails?Name=fira,0,0,0
1648731538246,49,GetById,204,No Content,Web Service Employee 1-49,,true,,115,152,1,1,https://localhost:44322/api/Employee/GetEmployeeById?Id=,0,0,44
1648731538295,4,GetEmployeeDetails,204,No Content,Web Service Employee 1-49,,true,,115,161,1,1,https://localhost:44322/api/Employee/GetEmployeeDetails?Name=fira,0,0,0
1648731538300,5,GetById,204,No Content,Web Service Employee 1-49,,true,,115,152,1,1,https://localhost:44322/api/Employee/GetEmployeeById?Id=,0,0,0
1648731538306,4,GetEmployeeDetails,204,No Content,Web Service Employee 1-49,,true,,115,161,1,1,https://localhost:44322/api/Employee/GetEmployeeDetails?Name=fira,0,0,0
1648731538310,5,GetById,204,No Content,Web Service Employee 1-49,,true,,115,152,1,1,https://localhost:44322/api/Employee/GetEmployeeById?Id=,0,0,0
1648731538315,5,GetEmployeeDetails,204,No Content,Web Service Employee 1-49,,true,,115,161,1,1,https://localhost:44322/api/Employee/GetEmployeeDetails?Name=fira,0,0,0
1648731538320,5,GetById,204,No Content,Web Service Employee 1-49,,true,,115,152,1,1,https://localhost:44322/api/Employee/GetEmployeeById?Id=,0,0,0
1648731538325,5,GetEmployeeDetails,204,No Content,Web Service Employee 1-49,,true,,115,161,1,1,https://localhost:44322/api/Employee/GetEmployeeDetails?Name=fira,0,0,0
1648731538330,5,GetById,204,No Content,Web Service Employee 1-49,,true,,115,152,1,1,https://localhost:44322/api/Employee/GetEmployeeById?Id=,0,0,0
1648731538335,5,GetEmployeeDetails,204,No Content,Web Service Employee 1-49,,true,,115,161,1,1,https://localhost:44322/api/Employee/GetEmployeeDetails?Name=fira,0,0,0
1648731538340,4,GetById,204,No Content,Web Service Employee 1-49,,true,,115,152,1,1,https://localhost:44322/api/Employee/GetEmployeeById?Id=,0,0,0
1648731538345,4,GetEmployeeDetails,204,No Content,Web Service Employee 1-49,,true,,115,161,1,1,https://localhost:44322/api/Employee/GetEmployeeDetails?Name=fira,0,0,0
1648731540249,43,GetById,204,No Content,Web Service Employee 1-50,,true,,115,152,1,1,https://localhost:44322/api/Employee/GetEmployeeById?Id=,0,0,38
1648731540338,9,GetEmployeeDetails,204,No Content,Web Service Employee 1-50,,true,,115,161,1,1,https://localhost:44322/api/Employee/GetEmployeeDetails?Name=fira,0,0,0
1648731540347,8,GetById,204,No Content,Web Service Employee 1-50,,true,,115,152,1,1,https://localhost:44322/api/Employee/GetEmployeeById?Id=,0,0,0
1648731540356,6,GetEmployeeDetails,204,No Content,Web Service Employee 1-50,,true,,115,161,1,1,https://localhost:44322/api/Employee/GetEmployeeDetails?Name=fira,0,0,0
1648731540362,5,GetById,204,No Content,Web Service Employee 1-50,,true,,115,152,1,1,https://localhost:44322/api/Employee/GetEmployeeById?Id=,0,0,0
1648731540368,8,GetEmployeeDetails,204,No Content,Web Service Employee 1-50,,true,,115,161,1,1,https://localhost:44322/api/Employee/GetEmployeeDetails?Name=fira,0,0,0
1648731540376,18,GetById,204,No Content,Web Service Employee 1-50,,true,,115,152,1,1,https://localhost:44322/api/Employee/GetEmployeeById?Id=,0,0,0
1648731540394,37,GetEmployeeDetails,204,No Content,Web Service Employee 1-50,,true,,115,161,1,1,https://localhost:44322/api/Employee/GetEmployeeDetails?Name=fira,0,0,0
1648731540431,10,GetById,204,No Content,Web Service Employee 1-50,,true,,115,152,1,1,https://localhost:44322/api/Employee/GetEmployeeById?Id=,0,0,0
1648731540442,11,GetEmployeeDetails,204,No Content,Web Service Employee 1-50,,true,,115,161,1,1,https://localhost:44322/api/Employee/GetEmployeeDetails?Name=fira,0,0,0
1648731540454,10,GetById,204,No Content,Web Service Employee 1-50,,true,,115,152,1,1,https://localhost:44322/api/Employee/GetEmployeeById?Id=,0,0,0
1648731540464,8,GetEmployeeDetails,204,No Content,Web Service Employee 1-50,,true,,115,161,1,1,https://localhost:44322/api/Employee/GetEmployeeDetails?Name=fira,0,0,0
